نوع العقار,المدينة,الحي,الواجهة,عدد الغرف,عدد الصالات,عدد الحمامات,عرض الشارع,المساحة,درج صالة,مطبخ,غرفة خادمة,غرفة سائق,ملحق,حوش,مسبح,قبو,مدخل سيارة,مصعد,السعر الاجمالي,السعر المربع
فيلا,الرياض, حي العارض ,جنوبية,6,3,5,0.0,244.0,1,1,1,1,0,1,0,0,1,1,2300000.0,9426.22950819672
فيلا,الرياض, حي العارض ,جنوبية,6,4,5,0.0,322.0,1,1,1,1,1,1,0,0,1,1,3000000.0,9316.770186335403
فيلا,الرياض, حي العارض ,جنوبية,3,2,5,0.0,350.0,1,0,1,0,1,0,0,1,1,1,2600000.0,7428.571428571428
فيلا,الرياض, حي النرجس ,جنوبية,4,4,4,0.0,350.0,1,1,1,0,0,1,0,1,1,1,2600000.0,7428.571428571428
فيلا,الرياض, حي العارض ,غربية,4,1,5,0.0,270.0,1,1,1,1,0,0,0,0,1,0,2800000.0,10370.37037037037
فيلا,الرياض, حي النرجس ,شمالية,7,4,5,0.0,360.0,1,1,1,1,1,1,0,0,1,0,3500000.0,9722.222222222223
فيلا,الرياض, حي الملقا ,شرقية,3,3,3,0.0,437.0,0,1,1,1,0,0,0,0,1,0,4500000.0,10297.482837528603
فيلا,الرياض, حي الملقا ,شمالية,5,1,5,0.0,252.0,1,1,1,1,0,0,0,0,1,1,2800000.0,11111.111111111111
فيلا,الرياض, حي النخيل ,شمالية غربية,6,3,5,0.0,1200.0,1,1,1,1,1,1,1,1,1,1,17000000.0,14166.666666666666
فيلا,الرياض, حي الملقا ,شرقية,4,3,5,0.0,270.0,1,1,1,1,0,1,0,0,1,1,3600000.0,13333.333333333334
فيلا,الرياض, حي الملقا ,شرقية,6,1,5,0.0,250.0,1,1,1,0,1,1,1,1,1,1,2500000.0,10000.0
فيلا,الرياض, حي الملقا ,جنوبية,6,3,5,0.0,600.0,1,1,1,1,1,1,1,0,1,1,8500000.0,14166.666666666666
فيلا,الرياض, حي النرجس ,شمالية,7,3,5,0.0,225.0,1,0,1,0,0,1,0,0,1,1,3000000.0,13333.333333333334
فيلا,الرياض, حي النرجس ,شمالية,7,3,5,0.0,225.0,1,0,0,0,0,0,0,0,1,1,3000000.0,13333.333333333334
فيلا,الرياض, حي الملقا ,شرقية,5,3,5,0.0,437.0,1,1,1,1,1,1,0,0,1,1,8500000.0,19450.80091533181
فيلا,الرياض, حي النرجس ,جنوبية,5,1,4,0.0,276.0,1,1,1,1,1,1,0,0,1,0,2450000.0,8876.811594202898
فيلا,الرياض, حي التعاون ,غربية,7,3,5,0.0,359.0,1,1,1,1,1,1,0,0,1,1,3600000.0,10027.855153203343
فيلا,الرياض, حي الوادي ,غربية,5,3,4,0.0,375.0,1,1,1,1,0,1,0,0,1,0,2200000.0,5866.666666666667
فيلا,الرياض, حي الملقا ,شرقية,5,2,5,0.0,430.0,1,1,1,1,0,1,0,0,1,1,6000000.0,13953.488372093023
فيلا,الرياض, الرياض ,شمالية,5,3,5,0.0,280.0,1,1,1,1,0,1,0,0,1,1,2650000.0,9464.285714285714
فيلا,الرياض, الرياض ,جنوبية,4,3,5,15.0,274.0,1,1,1,1,0,1,1,0,1,1,2600000.0,9489.05109489051
فيلا,الرياض, حي النخيل ,جنوبية,6,2,5,0.0,750.0,1,1,1,1,1,1,1,0,1,0,8000000.0,10666.666666666666
فيلا,الرياض, حي العارض ,شمالية,6,3,5,0.0,500.0,1,1,1,1,1,1,1,0,1,1,5550000.0,11100.0
فيلا,الرياض, حي النرجس ,شمالية,5,1,5,0.0,228.0,1,1,1,0,0,1,0,0,1,0,2550000.0,11184.21052631579
فيلا,الرياض, حي الملقا ,شمالية غربية,7,3,5,0.0,1200.0,1,1,1,1,1,1,1,0,1,1,18000000.0,15000.0
فيلا,الرياض, حي الملقا ,شمالية غربية,5,3,5,0.0,400.0,1,1,1,1,1,1,1,0,1,1,4900000.0,12250.0
فيلا,الرياض, حي جامعة الملك سعود ,شمالية غربية,4,3,5,0.0,400.0,1,1,1,1,0,1,1,0,1,1,5500000.0,13750.0
فيلا,الرياض, حي الملقا ,شرقية,5,4,5,0.0,500.0,1,1,1,1,1,1,1,0,1,1,7500000.0,15000.0
فيلا,الرياض, حي العارض ,شمالية,4,3,5,0.0,300.0,1,1,1,1,0,0,0,0,1,1,2300000.0,7666.666666666667
فيلا,الرياض, حي الربيع ,شرقية,7,4,5,0.0,625.0,0,0,0,0,0,0,0,0,0,0,4375000.0,7000.0
فيلا,الرياض, حي الملقا ,شمالية غربية,5,4,5,0.0,620.0,1,1,1,1,1,1,1,0,1,1,10000000.0,16129.032258064517
فيلا,الرياض, حي الملقا ,غربية,7,3,5,0.0,800.0,1,1,1,1,1,1,1,0,1,0,10000000.0,12500.0
فيلا,الرياض, حي الملقا ,شرقية,4,3,5,0.0,500.0,1,1,1,1,1,1,0,0,1,1,6800000.0,13600.0
فيلا,الرياض, حي العارض ,غربية,6,2,5,0.0,900.0,1,0,1,1,0,1,0,0,1,0,8000000.0,8888.888888888889
فيلا,الرياض, حي النرجس ,شمالية,5,2,5,0.0,312.0,1,0,1,1,0,1,0,0,1,1,2750000.0,8814.102564102564
فيلا,الرياض, العيينة ,غربية,5,1,4,0.0,250.0,1,1,1,0,0,1,0,0,1,0,1280000.0,5120.0
فيلا,الرياض, حي العقيق ,شمالية,5,2,5,0.0,375.0,1,1,1,1,1,1,1,0,1,1,4500000.0,12000.0
فيلا,الرياض, العيينة ,جنوبية,4,1,5,0.0,280.0,0,1,0,0,1,0,0,0,0,0,1270000.0,4535.714285714285
فيلا,الرياض, حي الملقا ,شرقية,5,5,5,0.0,430.0,1,1,1,1,0,1,0,0,0,1,6000000.0,13953.488372093023
فيلا,الرياض, حي الملقا ,شمالية,5,2,5,0.0,287.0,1,1,1,1,0,1,0,0,1,1,3600000.0,12543.554006968641
فيلا,الرياض, حي الملقا ,جنوبية,5,2,5,0.0,253.0,1,1,1,1,0,1,0,0,1,1,3400000.0,13438.735177865612
فيلا,الرياض, حي الملقا ,شرقية,7,4,5,0.0,1750.0,1,0,1,1,1,1,0,0,1,1,22500000.0,12857.142857142857
فيلا,الرياض, حي الياسمين ,شمالية,4,2,5,0.0,420.0,1,0,1,1,0,1,0,0,1,0,3100000.0,7380.952380952381
فيلا,الرياض, حي النرجس ,شمالية,4,2,5,0.0,240.0,1,1,1,1,0,0,0,0,1,1,2750000.0,11458.333333333334
فيلا,الرياض, حي النخيل ,شرقية,4,3,5,0.0,260.0,1,0,1,1,1,1,1,0,1,1,3500000.0,13461.538461538461
فيلا,الرياض, حي العارض ,شمالية شرقية,4,3,5,0.0,221.0,1,1,1,0,1,0,0,0,1,1,2200000.0,9954.75113122172
فيلا,الرياض, حي العارض ,شمالية,4,3,5,0.0,204.0,1,1,1,0,1,0,0,0,1,1,2000000.0,9803.921568627451
فيلا,الرياض, حي الوادي ,غربية,5,4,5,0.0,375.0,1,1,1,1,1,1,0,0,1,0,2200000.0,5866.666666666667
فيلا,الرياض, حي العارض ,شمالية,6,2,4,0.0,400.0,1,1,1,0,0,1,0,0,1,0,3800000.0,9500.0
فيلا,الرياض, حي النرجس ,جنوبية شرقية,4,2,5,0.0,315.0,1,1,0,0,0,0,0,0,0,0,2900000.0,9206.349206349207
فيلا,الرياض, حي الياسمين ,شمالية,5,4,5,0.0,660.0,1,1,1,1,1,1,0,0,1,0,8000000.0,12121.212121212122
فيلا,الرياض, حي الملقا ,شرقية,5,3,5,0.0,525.0,1,1,1,1,0,1,1,1,1,1,9000000.0,17142.85714285714
فيلا,الرياض, حي النرجس ,جنوبية,5,3,5,0.0,300.0,1,1,1,1,0,0,1,0,0,1,2950000.0,9833.333333333334
فيلا,الرياض, حي العليا ,شرقية,5,3,5,0.0,260.0,1,0,1,0,1,1,0,0,1,1,2800000.0,10769.23076923077
فيلا,الرياض, حي النزهة ,شمالية شرقية,7,2,5,0.0,1050.0,1,1,1,1,1,1,0,1,1,1,7800000.0,7428.571428571428
فيلا,الرياض, حي الملقا ,شرقية,6,2,5,0.0,480.0,1,1,1,1,1,1,0,0,1,1,5500000.0,11458.333333333334
فيلا,الرياض, حي العارض ,جنوبية,5,2,5,0.0,360.0,1,1,1,1,1,1,0,0,1,1,2850000.0,7916.666666666667
فيلا,الرياض, حي العارض ,شمالية,7,5,5,0.0,630.0,0,1,1,0,1,1,0,0,1,0,6050000.0,9603.174603174602
فيلا,الرياض, حي التعاون ,غربية,4,7,5,20.0,420.0,1,1,1,1,0,1,0,0,1,1,5000000.0,11904.761904761905
فيلا,الرياض, حي التعاون ,شمالية,7,2,5,18.0,300.0,1,1,1,1,0,0,0,0,1,1,2850000.0,9500.0
فيلا,الرياض, حي العارض ,شمالية شرقية,7,3,5,0.0,221.0,1,0,1,1,0,1,0,0,1,1,2200000.0,9954.75113122172
فيلا,الرياض, حي العارض ,شمالية,7,3,5,0.0,300.0,1,0,1,1,0,1,0,0,1,1,2300000.0,7666.666666666667
فيلا,الرياض, حي العارض ,شمالية,6,3,5,0.0,204.0,1,0,1,0,0,1,0,0,1,1,2000000.0,9803.921568627451
فيلا,الرياض, حي النزهة ,ثلاث شوارع,7,4,5,0.0,2450.0,1,1,1,1,1,1,1,1,1,0,18000000.0,7346.938775510204
فيلا,الرياض, العيينة ,غربية,7,2,5,0.0,480.0,0,1,0,0,0,1,0,0,0,0,2300000.0,4791.666666666667
فيلا,الرياض, حي العارض ,شرقية,5,2,5,0.0,510.0,1,1,1,1,1,1,1,0,1,1,4000000.0,7843.137254901961
فيلا,الرياض, الرياض ,شمالية,5,3,5,0.0,280.0,1,1,1,1,0,1,0,0,1,0,2600000.0,9285.714285714286
فيلا,الرياض, حي العارض ,غربية,4,2,5,0.0,200.0,1,0,1,0,0,1,0,0,1,1,2100000.0,10500.0
فيلا,الرياض, حي العارض ,شمالية,7,3,5,0.0,399.0,0,1,1,1,1,1,0,0,1,0,3500000.0,8771.929824561403
فيلا,الرياض, حي الياسمين ,جنوبية,5,0,2,0.0,375.0,1,0,1,1,0,0,0,0,0,0,4600000.0,12266.666666666666
فيلا,الرياض, حي النرجس ,شرقية,6,2,5,0.0,450.0,1,1,1,0,1,1,1,0,1,1,2870000.0,6377.777777777777
فيلا,الرياض, حي القيروان ,شرقية,4,4,5,0.0,300.0,1,1,1,1,0,1,0,0,1,1,3600000.0,12000.0
فيلا,الرياض, حي القيروان ,جنوبية,5,3,5,5.0,275.0,1,1,1,1,1,1,0,0,1,1,3600000.0,13090.90909090909
فيلا,الرياض, حي النرجس ,شمالية,5,2,5,15.0,330.0,0,1,1,1,0,0,0,0,1,0,3300000.0,10000.0
فيلا,الرياض, حي النفل ,شرقية,7,4,5,0.0,750.0,0,0,0,0,0,0,0,0,0,1,9500000.0,12666.666666666666
فيلا,الرياض, حي النفل ,جنوبية,7,2,5,0.0,360.0,1,0,0,0,1,1,0,0,1,1,2850000.0,7916.666666666667
فيلا,الرياض, حي النرجس ,غربية,5,3,5,0.0,225.0,1,1,1,1,0,0,0,0,1,1,2650000.0,11777.777777777777
فيلا,الرياض, حي الربيع ,شرقية,5,2,5,0.0,510.0,1,1,1,0,0,1,0,0,1,0,4000000.0,7843.137254901961
فيلا,الرياض, الرياض ,شمالية,4,3,5,0.0,270.0,1,1,1,0,1,1,0,0,1,0,2450000.0,9074.074074074075
فيلا,الرياض, حي النرجس ,جنوبية,7,2,5,0.0,425.0,0,0,1,0,0,1,0,0,1,0,3000000.0,7058.823529411765
فيلا,الرياض, حي العارض ,غربية,4,2,5,0.0,200.0,1,0,0,1,0,0,0,0,1,0,2000000.0,10000.0
فيلا,الرياض, حي الوادي ,شرقية,7,2,5,0.0,750.0,0,1,1,1,1,1,0,0,1,0,5500000.0,7333.333333333333
فيلا,الرياض, الرياض ,شرقية,4,3,5,0.0,460.0,1,1,1,1,0,1,0,1,1,1,4394000.0,9552.173913043478
فيلا,الرياض, حي النرجس ,غربية,5,3,5,0.0,390.0,1,1,1,1,0,1,1,1,1,0,3800000.0,9743.589743589744
فيلا,الرياض, العيينة ,غربية,7,2,5,0.0,256.0,1,1,1,0,0,1,0,0,1,1,1500000.0,5859.375
فيلا,الرياض, حي الربيع ,شرقية,7,3,5,0.0,325.0,1,1,1,1,0,1,0,0,1,0,3200000.0,9846.153846153846
فيلا,الرياض, حي العليا ,جنوبية,6,5,5,0.0,1344.0,1,1,1,1,1,1,0,1,1,0,7500000.0,5580.357142857143
فيلا,الرياض, حي العليا ,شمالية غربية,7,3,5,0.0,900.0,1,1,1,1,1,1,0,0,1,0,6000000.0,6666.666666666667
فيلا,الرياض, حي الياسمين ,جنوبية,5,2,5,0.0,600.0,1,1,1,1,1,0,0,0,1,1,6500000.0,10833.333333333334
فيلا,الرياض, حي النزهة ,شمالية,5,2,5,0.0,313.0,1,1,1,1,0,1,0,0,0,0,2700000.0,8626.198083067093
فيلا,الرياض, حي النزهة ,شمالية,5,4,5,0.0,336.0,1,1,1,1,0,1,0,0,1,0,3500000.0,10416.666666666666
فيلا,الرياض, حي العقيق ,شرقية,4,2,4,0.0,400.0,1,1,1,1,1,1,0,1,1,0,3800000.0,9500.0
فيلا,الرياض, حي الفلاح ,جنوبية,5,4,5,15.0,400.0,1,1,1,1,1,0,0,0,1,0,4000000.0,10000.0
فيلا,الرياض, القرينه ,شمالية شرقية,7,1,4,0.0,690.0,0,1,1,1,1,1,0,0,1,0,1600000.0,2318.840579710145
فيلا,الرياض, حي الياسمين ,جنوبية غربية,5,3,5,0.0,435.0,1,1,1,1,1,1,0,0,1,0,4000000.0,9195.402298850575
فيلا,الرياض, حي العارض ,جنوبية,7,7,5,0.0,405.0,1,1,1,1,1,1,0,0,1,1,3100000.0,7654.320987654321
فيلا,الرياض, حي الياسمين ,غربية,5,2,5,0.0,600.0,1,1,1,1,1,1,0,0,1,0,4500000.0,7500.0
فيلا,الرياض, حي العليا ,جنوبية غربية,5,3,5,0.0,200.0,0,1,0,1,0,0,0,0,0,0,2900000.0,14500.0
فيلا,الرياض, حي الياسمين ,جنوبية,7,2,5,0.0,260.0,1,1,1,1,0,1,0,0,1,0,2350000.0,9038.461538461539
فيلا,الرياض, الرياض ,جنوبية,4,2,5,0.0,258.0,1,1,1,0,0,1,0,0,1,0,2500000.0,9689.922480620155
فيلا,الرياض, حي الرحمانية ,غربية,7,3,5,8.0,384.0,1,1,1,1,0,1,1,1,1,0,3500000.0,9114.583333333334
فيلا,الرياض, حي النزهة ,غربية,3,2,5,0.0,256.0,1,1,1,1,0,0,0,0,1,0,1650000.0,6445.3125
فيلا,الرياض, حي النرجس ,غربية,5,3,5,0.0,300.0,1,0,1,1,0,0,0,0,0,0,2800000.0,9333.333333333334
فيلا,الرياض, حي النرجس ,جنوبية غربية,4,2,5,0.0,234.0,1,0,1,1,0,0,0,0,0,0,2300000.0,9829.059829059828
فيلا,الرياض, حي النرجس ,جنوبية,3,2,5,0.0,273.0,1,0,1,0,0,0,0,0,0,0,2700000.0,9890.10989010989
فيلا,الرياض, حي العارض ,شمالية,6,1,4,0.0,600.0,0,1,1,1,0,0,0,0,1,0,3000000.0,5000.0
فيلا,الرياض, حي الوادي ,جنوبية,4,2,5,0.0,250.0,1,0,1,1,0,0,0,0,1,0,3000000.0,12000.0
فيلا,الرياض, حي المصيف ,جنوبية,6,2,5,0.0,299.0,1,0,1,1,0,0,0,0,1,0,3400000.0,11371.23745819398
فيلا,الرياض, حي العليا ,شمالية,7,2,5,0.0,442.0,1,1,1,1,1,0,0,1,1,0,2500000.0,5656.108597285068
فيلا,الرياض, حي العارض ,غربية,4,3,5,0.0,300.0,1,0,1,0,1,0,0,0,0,0,2800000.0,9333.333333333334
فيلا,الرياض, حي الملقا ,شرقية,4,2,5,0.0,375.0,1,1,1,1,1,1,0,0,1,1,4300000.0,11466.666666666666
فيلا,الرياض, حي العليا ,شمالية,7,2,5,0.0,442.0,1,1,1,1,1,1,0,0,1,0,2600000.0,5882.35294117647
فيلا,الرياض, حي النرجس ,غربية,5,3,5,0.0,375.0,1,0,1,1,0,0,0,0,0,0,4400000.0,11733.333333333334
فيلا,الرياض, الرياض ,جنوبية,6,3,5,0.0,270.0,1,0,1,0,0,0,0,0,0,0,2500000.0,9259.25925925926
فيلا,الرياض, حي العارض ,شمالية,5,3,5,0.0,300.0,1,0,1,1,0,0,0,0,1,0,2500000.0,8333.333333333334
فيلا,الرياض, العيينة ,جنوبية,7,5,5,0.0,406.0,0,1,0,0,0,1,0,0,0,0,1350000.0,3325.1231527093596
فيلا,الرياض, حي الفلاح ,جنوبية,5,2,5,0.0,392.0,1,1,1,1,1,1,0,0,1,0,4500000.0,11479.591836734693
فيلا,الرياض, حي النرجس ,غربية,6,2,5,0.0,477.0,1,1,1,1,1,1,1,0,1,0,4000000.0,8385.744234800839
فيلا,الرياض, حي الياسمين ,جنوبية,5,3,5,0.0,375.0,1,1,1,1,0,1,1,0,1,1,4200000.0,11200.0
فيلا,الرياض, حي العارض ,شمالية,5,2,5,0.0,360.0,1,1,1,1,1,0,0,0,1,1,2900000.0,8055.555555555556
فيلا,الرياض, الرياض ,شمالية,4,3,5,0.0,390.0,0,1,1,1,0,1,0,0,1,0,3200000.0,8205.128205128205
فيلا,الرياض, حي النرجس ,شمالية,5,2,5,0.0,324.0,1,1,1,1,0,1,0,0,1,0,2350000.0,7253.086419753086
فيلا,الرياض, حي الندى ,غربية,7,4,5,0.0,2500.0,0,1,0,0,0,0,0,0,1,0,16700000.0,6680.0
فيلا,الرياض, حي النزهة ,شرقية,4,2,4,0.0,607.0,1,1,1,1,1,1,0,0,1,0,3300000.0,5436.5733113673805
فيلا,الرياض, حي التعاون ,شرقية,5,2,5,0.0,375.0,0,1,1,1,1,1,0,0,1,1,4350000.0,11600.0
فيلا,الرياض, حي الملقا ,شمالية,7,3,5,0.0,200.0,0,0,0,0,0,0,0,0,0,0,2600000.0,13000.0
فيلا,الرياض, حي العارض ,شرقية,7,5,5,0.0,690.0,1,1,1,0,1,1,0,0,1,0,4600000.0,6666.666666666667
فيلا,الرياض, حي المصيف ,شمالية,7,2,5,0.0,570.0,0,1,1,1,1,1,0,0,1,0,3000000.0,5263.1578947368425
فيلا,الرياض, حي العارض ,غربية,3,2,5,0.0,11811.0,0,1,1,0,0,0,0,0,0,0,1350000.0,114.3002286004572
فيلا,الرياض, حي الصحافة ,جنوبية,5,2,5,0.0,375.0,1,1,1,1,1,1,1,0,1,0,2750000.0,7333.333333333333
فيلا,الرياض, حي الملقا ,شمالية غربية,5,3,5,0.0,687.0,1,1,1,1,1,1,0,1,1,1,9000000.0,13100.436681222707
فيلا,الرياض, حي العارض ,شرقية,5,5,5,0.0,335.0,1,1,1,0,1,1,0,0,1,0,3150000.0,9402.985074626866
فيلا,الرياض, حي المحمدية ,شمالية,5,2,5,0.0,360.0,1,1,1,1,0,0,0,0,1,0,2700000.0,7500.0
فيلا,الرياض, حي العارض ,شرقية,4,3,5,0.0,300.0,1,1,1,1,0,1,0,0,1,1,3300000.0,11000.0
فيلا,الرياض, حي القيروان ,جنوبية,7,3,5,0.0,420.0,1,1,1,1,1,1,0,0,1,1,4500000.0,10714.285714285714
فيلا,الرياض, حي الندى ,جنوبية غربية,4,3,5,0.0,420.0,1,1,1,1,0,0,1,0,1,1,3500000.0,8333.333333333334
فيلا,الرياض, حي الوادي ,شمالية,4,1,3,0.0,209.0,1,0,1,0,0,1,0,0,1,0,2600000.0,12440.19138755981
فيلا,الرياض, حي العارض ,غربية,5,2,5,0.0,200.0,1,0,1,0,0,0,0,0,0,0,2100000.0,10500.0
فيلا,الرياض, العيينة ,شرقية,4,1,5,0.0,535.0,1,1,1,0,1,1,0,0,1,0,1900000.0,3551.4018691588785
فيلا,الرياض, حي العقيق ,جنوبية,7,2,5,0.0,425.0,1,0,1,1,0,1,0,0,1,0,3200000.0,7529.411764705882
فيلا,الرياض, العيينة ,جنوبية,7,2,5,0.0,405.0,1,1,1,0,1,1,0,0,1,0,2030000.0,5012.3456790123455
فيلا,الرياض, حي العارض ,شمالية,5,2,5,0.0,375.0,1,1,1,0,1,1,0,0,1,0,3000000.0,8000.0
فيلا,الرياض, حي النفل ,غربية,5,2,4,0.0,324.0,1,1,1,0,1,1,0,0,1,0,2500000.0,7716.049382716049
فيلا,الرياض, حي النفل ,غربية,6,2,5,0.0,360.0,1,1,1,1,1,1,1,0,1,1,4390000.0,12194.444444444445
فيلا,الرياض, حي الياسمين ,غربية,5,4,5,0.0,350.0,1,1,1,1,0,1,1,1,1,1,4700000.0,13428.57142857143
فيلا,الرياض, حي العارض ,جنوبية,5,3,5,0.0,308.0,1,1,0,0,0,0,0,0,0,0,2600000.0,8441.558441558442
فيلا,الرياض, الرياض ,شرقية,2,3,5,0.0,375.0,0,1,1,1,0,1,0,0,1,0,3100000.0,8266.666666666666
فيلا,الرياض, حي التعاون ,شرقية,4,1,5,0.0,220.0,1,1,1,1,0,1,0,0,1,0,2712320.0,12328.727272727272
فيلا,الرياض, حي النخيل ,شمالية,4,2,5,15.0,630.0,1,1,1,1,0,1,1,1,1,0,7300000.0,11587.301587301587
فيلا,الرياض, حي النرجس ,شرقية,6,3,5,20.0,625.0,1,1,1,1,0,1,0,0,1,1,6500000.0,10400.0
فيلا,الرياض, حي النرجس ,جنوبية,7,3,5,20.0,406.0,1,1,1,1,1,1,0,0,1,0,4200000.0,10344.827586206897
فيلا,الرياض, حي النرجس ,غربية,4,2,5,15.0,202.0,1,1,1,0,1,1,0,0,1,1,2100000.0,10396.039603960397
فيلا,الرياض, الرياض ,شمالية,6,2,5,20.0,395.0,1,1,1,1,1,1,0,0,1,0,3500000.0,8860.759493670887
فيلا,الرياض, حي النرجس ,شمالية,5,2,5,20.0,312.0,0,1,0,0,0,0,0,0,0,0,3500000.0,11217.948717948719
فيلا,الرياض, حي العليا ,شمالية,5,2,5,10.0,540.0,1,1,1,1,1,1,1,0,1,0,3000000.0,5555.555555555556
فيلا,الرياض, حي الصحافة ,شمالية,6,2,5,15.0,375.0,1,1,1,1,1,1,0,0,1,1,4880000.0,13013.333333333334
فيلا,الرياض, حي العارض ,شمالية,5,2,5,30.0,483.0,1,1,1,1,1,1,1,0,1,0,3900000.0,8074.534161490683
فيلا,الرياض, حي المروج ,جنوبية,5,3,5,20.0,350.0,1,1,1,1,1,1,0,0,1,1,4000000.0,11428.57142857143
فيلا,الرياض, العيينة ,شرقية,7,3,5,20.0,500.0,1,1,1,1,1,1,1,0,1,1,5300000.0,10600.0
فيلا,الرياض, حي العقيق ,شمالية,5,2,5,15.0,312.0,1,1,1,1,1,1,0,0,1,1,3600000.0,11538.461538461539
فيلا,الرياض, العيينة ,شرقية,4,2,5,15.0,500.0,1,1,1,0,0,1,0,0,1,1,1400000.0,2800.0
فيلا,الرياض, حي الملقا ,شمالية,5,3,5,15.0,540.0,1,1,1,1,1,1,0,0,1,0,5500000.0,10185.185185185184
فيلا,الرياض, حي المروج ,شمالية,4,1,4,15.0,312.0,0,1,1,1,0,1,0,0,1,0,2000000.0,6410.25641025641
فيلا,الرياض, حي الياسمين ,جنوبية غربية,3,3,3,20.0,370.0,1,1,0,1,0,1,0,0,1,0,3250000.0,8783.783783783783
فيلا,الرياض, حي النرجس ,جنوبية,7,2,5,15.0,250.0,1,1,1,0,0,1,0,0,1,1,2500000.0,10000.0
فيلا,الرياض, حي النرجس ,شمالية,6,2,5,15.0,254.0,1,1,0,0,1,1,0,0,1,0,2450000.0,9645.669291338583
فيلا,الرياض, حي الفلاح ,غربية,5,3,5,20.0,520.0,1,1,1,1,0,1,1,0,1,1,6500000.0,12500.0
فيلا,الرياض, حي الرحمانية ,شمالية,4,2,5,20.0,300.0,1,1,1,1,0,1,0,0,1,1,4500000.0,15000.0
فيلا,الرياض, حي الملقا ,شمالية شرقية,5,2,5,25.0,600.0,1,1,1,1,1,1,1,0,1,1,6500000.0,10833.333333333334
فيلا,الرياض, حي القيروان ,جنوبية,5,2,5,20.0,457.0,1,1,1,1,0,1,0,0,1,1,5200000.0,11378.55579868709
فيلا,الرياض, حي الملقا ,جنوبية,5,2,5,15.0,343.0,1,1,1,1,0,1,0,0,1,1,4600000.0,13411.078717201166
فيلا,الرياض, حي النرجس ,شمالية,5,3,5,15.0,250.0,1,1,1,0,0,1,0,0,0,0,2600000.0,10400.0
فيلا,الرياض, حي حطين ,شمالية,7,2,5,15.0,500.0,1,1,1,1,1,1,0,0,1,0,6300000.0,12600.0
فيلا,الرياض, حي القيروان ,شمالية,5,3,5,20.0,360.0,1,1,1,1,1,1,0,0,1,1,4300000.0,11944.444444444445
فيلا,الرياض, حي القيروان ,شمالية,4,5,5,15.0,360.0,0,1,1,1,1,1,0,0,1,1,3800000.0,10555.555555555555
فيلا,الرياض, العيينة ,ثلاث شوارع,7,0,4,0.0,565.0,1,1,0,1,1,0,0,0,1,0,2000000.0,3539.8230088495575
فيلا,الرياض, حي الملك فهد ,جنوبية غربية,6,2,5,20.0,625.0,1,1,1,1,0,0,0,0,0,0,3400000.0,5440.0
فيلا,الرياض, الرياض ,جنوبية,4,3,5,20.0,250.0,1,1,1,0,1,1,0,0,1,0,2350000.0,9400.0
فيلا,الرياض, حي المروج ,جنوبية,3,2,4,15.0,300.0,0,1,1,0,0,1,0,0,0,0,2200000.0,7333.333333333333
فيلا,الرياض, حي العارض ,جنوبية,4,3,5,20.0,336.0,0,1,1,0,1,1,1,0,1,1,2750000.0,8184.523809523809
فيلا,الرياض, حي الملقا7541 ,شمالية,3,1,3,21.0,252.0,1,1,0,0,0,0,0,0,0,1,3200000.0,12698.412698412698
فيلا,الرياض, حي العليا ,غربية,4,1,5,12.0,210.0,1,1,1,0,0,1,0,0,1,0,2400000.0,11428.57142857143
فيلا,الرياض, حي النرجس ,شمالية شرقية,5,4,5,15.0,344.0,1,1,1,1,1,1,1,0,1,1,4200000.0,12209.302325581395
فيلا,الرياض, حي العارض ,جنوبية شرقية,7,5,5,15.0,352.0,1,1,1,1,1,1,1,0,1,1,4000000.0,11363.636363636364
فيلا,الرياض, حي النرجس ,غربية,4,2,4,20.0,300.0,1,1,1,0,0,1,0,0,1,0,3000000.0,10000.0
فيلا,الرياض, حي الملك فهد ,شمالية شرقية,6,2,5,20.0,420.0,0,1,1,1,1,1,0,0,1,0,2400000.0,5714.285714285715
فيلا,الرياض, حي العارض ,جنوبية,5,2,5,20.0,338.0,1,1,1,1,0,1,0,0,1,1,2800000.0,8284.023668639053
فيلا,الرياض, حي النرجس ,غربية,5,3,5,15.0,325.0,0,1,1,1,0,1,0,0,1,1,3300000.0,10153.846153846154
فيلا,الرياض, حي الملقا ,شمالية,6,5,5,20.0,450.0,1,1,1,1,1,1,0,0,1,1,5500000.0,12222.222222222223
فيلا,الرياض, حي النرجس ,غربية,6,3,5,15.0,360.0,1,1,1,0,1,1,0,0,1,1,3550000.0,9861.111111111111
فيلا,الرياض, حي النرجس ,شمالية غربية,4,1,4,15.0,210.0,1,1,1,1,1,1,0,0,1,1,2300000.0,10952.380952380952
فيلا,الرياض, الرياض ,شمالية,5,4,5,10.0,239.0,1,1,1,1,1,1,0,0,1,1,3499000.0,14640.167364016736
فيلا,الرياض, حي صلاح الدين ,غربية,5,5,5,12.0,699.0,0,1,1,1,1,1,1,1,1,1,7500000.0,10729.613733905579
فيلا,الرياض, حي النرجس ,شمالية,5,3,5,25.0,813.0,1,1,1,1,1,1,1,0,1,1,14000000.0,17220.172201722016
فيلا,الرياض, حي الملقا ,شرقية,5,2,5,20.0,375.0,1,1,1,1,0,1,0,0,1,0,3200000.0,8533.333333333334
فيلا,الرياض, حي الندى ,غربية,5,3,5,15.0,300.0,0,1,1,1,0,1,1,1,1,0,3600000.0,12000.0
فيلا,الرياض, حي النفل ,شمالية غربية,7,2,5,20.0,450.0,1,1,1,1,1,1,0,1,1,0,4000000.0,8888.888888888889
فيلا,الرياض, حي النرجس ,جنوبية,6,2,5,15.0,375.0,1,1,1,1,1,1,1,0,1,1,3650000.0,9733.333333333334
فيلا,الرياض, حي النرجس ,جنوبية,5,4,5,25.0,360.0,1,1,1,1,1,1,0,0,1,1,4200000.0,11666.666666666666
فيلا,الرياض, العيينة ,شرقية,5,4,5,20.0,250.0,1,1,1,0,0,1,0,0,1,0,1600000.0,6400.0
فيلا,الرياض, حي العارض ,جنوبية,3,2,5,15.0,216.0,1,1,1,0,0,1,0,0,1,1,2100000.0,9722.222222222223
فيلا,الرياض, حي العارض ,غربية,7,3,5,15.0,360.0,1,1,1,1,1,1,0,0,1,0,2800000.0,7777.777777777777
فيلا,الرياض, حي العارض ,جنوبية,5,5,5,15.0,375.0,1,1,1,1,0,1,0,0,1,0,3000000.0,8000.0
فيلا,الرياض, حي الندى ,شمالية شرقية,6,3,5,12.0,525.0,1,1,1,0,1,1,1,1,1,1,5700000.0,10857.142857142857
فيلا,الرياض, حي العليا ,جنوبية غربية,4,1,5,12.0,252.0,1,1,1,0,0,1,0,0,1,0,2600000.0,10317.460317460318
فيلا,الرياض, الرياض ,جنوبية,7,2,5,14.0,501.0,1,1,1,1,1,1,0,0,1,0,4300000.0,8582.834331337326
فيلا,الرياض, حي الياسمين ,شمالية,5,2,5,15.0,437.0,1,1,1,1,1,1,1,0,1,1,4200000.0,9610.983981693364
فيلا,الرياض, حي النرجس ,شرقية,5,2,5,15.0,270.0,1,1,1,0,0,1,0,0,1,1,2700000.0,10000.0
فيلا,الرياض, الرياض ,جنوبية غربية,4,2,5,15.0,450.0,1,1,1,1,1,1,1,0,1,1,4000000.0,8888.888888888889
فيلا,الرياض, حي الياسمين ,شمالية شرقية,7,3,5,15.0,1107.0,1,1,1,1,1,1,0,1,1,1,10300000.0,9304.426377597109
فيلا,الرياض, حي التعاون ,جنوبية,5,2,5,15.0,312.0,1,1,1,1,0,1,0,0,1,0,2700000.0,8653.846153846154
فيلا,الرياض, حي العليا ,جنوبية غربية,7,2,5,12.0,900.0,1,1,1,1,1,1,0,0,1,0,5000000.0,5555.555555555556
فيلا,الرياض, حي المحمدية ,غربية,4,1,5,20.0,420.0,1,1,1,1,1,1,1,0,1,1,5800000.0,13809.52380952381
فيلا,الرياض, شارع سعيد السلمي ,شرقية,5,3,5,15.0,750.0,1,1,1,1,1,1,1,0,1,1,8200000.0,10933.333333333334
فيلا,الرياض, حي الملك فهد ,جنوبية غربية,5,3,5,20.0,960.0,1,1,1,1,1,1,0,0,1,0,6500000.0,6770.833333333333
فيلا,الرياض, حي الملقا ,شمالية,6,0,5,5.0,360.0,0,1,0,0,0,0,0,0,0,0,4700000.0,13055.555555555555
فيلا,الرياض, حي النرجس ,شمالية,5,3,5,20.0,300.0,1,1,1,0,1,1,0,0,1,1,2600000.0,8666.666666666666
فيلا,الرياض, حي النرجس ,غربية,5,2,4,25.0,375.0,1,1,1,1,1,1,0,0,1,1,4200000.0,11200.0
فيلا,الرياض, حي الياسمين ,شمالية,5,3,5,15.0,405.0,1,1,1,1,1,0,0,0,1,0,3600000.0,8888.888888888889
فيلا,الرياض, حي الياسمين ,جنوبية,6,2,5,15.0,375.0,1,1,1,1,1,1,0,0,1,1,2850000.0,7600.0
فيلا,الرياض, حي الياسمين ,شمالية,7,2,5,15.0,375.0,1,1,1,0,1,1,0,0,1,0,3500000.0,9333.333333333334
فيلا,الرياض, حي حطين ,جنوبية,7,5,5,15.0,450.0,1,1,1,0,1,1,0,1,1,1,5250000.0,11666.666666666666
فيلا,الرياض, حي حطين ,جنوبية,5,2,5,15.0,351.0,1,1,1,0,1,1,0,0,1,1,3750000.0,10683.760683760684
فيلا,الرياض, حي حطين ,غربية,5,3,5,18.0,250.0,1,1,1,0,0,0,0,0,1,1,2500000.0,10000.0
فيلا,الرياض, حي النرجس ,شرقية,5,2,4,15.0,360.0,1,1,1,0,1,1,0,0,1,1,3650000.0,10138.888888888889
فيلا,الرياض, الرياض ,شمالية,5,2,5,14.0,420.0,1,1,1,1,0,1,0,0,1,0,3200000.0,7619.047619047619
فيلا,الرياض, حي الياسمين ,جنوبية,4,2,5,20.0,375.0,0,1,1,1,0,1,0,0,1,1,4200000.0,11200.0
فيلا,الرياض, حي النرجس ,شمالية,6,3,5,15.0,390.0,0,1,1,0,1,1,0,0,1,0,3900000.0,10000.0
فيلا,الرياض, حي النخيل ,شمالية,6,5,5,5.0,525.0,1,1,1,0,0,1,1,1,1,0,5000000.0,9523.809523809523
فيلا,الرياض, حي التعاون ,شمالية غربية,3,7,5,20.0,480.0,1,1,1,1,0,1,0,0,1,1,5800000.0,12083.333333333334
فيلا,الرياض, حي التعاون ,غربية,5,2,5,20.0,200.0,1,1,1,1,0,1,0,0,1,0,2350000.0,11750.0
فيلا,الرياض, حي حطين ,غربية,5,4,5,15.0,505.0,1,1,1,1,1,1,1,1,1,1,8300000.0,16435.643564356436
فيلا,الرياض, حي العارض ,جنوبية,5,5,5,15.0,350.0,1,1,1,1,1,1,0,0,1,0,2600000.0,7428.571428571428
فيلا,الرياض, حي العارض ,جنوبية,5,3,5,15.0,300.0,1,1,1,0,1,1,0,0,1,1,2500000.0,8333.333333333334
فيلا,الرياض, حي العارض ,جنوبية,7,3,5,20.0,675.0,1,1,1,1,1,1,1,0,1,1,5500000.0,8148.148148148148
فيلا,الرياض, حي المصيف ,شرقية,6,2,5,20.0,820.0,1,1,1,1,1,1,1,0,1,0,5000000.0,6097.5609756097565
فيلا,الرياض, حي الملقا ,شمالية,6,3,5,20.0,450.0,1,1,1,1,0,0,0,0,1,1,4800000.0,10666.666666666666
فيلا,الرياض, حي النرجس ,جنوبية شرقية,7,2,5,15.0,300.0,1,1,1,1,0,1,0,0,1,1,3100000.0,10333.333333333334
فيلا,الرياض, حي النرجس ,شمالية غربية,4,2,5,20.0,247.0,1,1,1,1,0,0,0,0,1,0,2400000.0,9716.599190283401
فيلا,الرياض, حي الصحافة ,شرقية,5,1,5,15.0,600.0,0,1,1,1,1,1,0,0,1,0,4500000.0,7500.0
فيلا,الرياض, العيينة ,غربية,7,2,5,15.0,500.0,1,1,1,0,0,1,0,0,1,0,1500000.0,3000.0
فيلا,الرياض, حي النرجس ,جنوبية غربية,6,3,5,15.0,620.0,1,1,1,1,1,1,1,1,1,1,7000000.0,11290.322580645161
فيلا,الرياض, الرياض ,جنوبية,7,2,5,15.0,300.0,1,1,1,1,1,1,0,0,1,0,2800000.0,9333.333333333334
فيلا,الرياض, حي الصحافة ,شمالية,6,2,5,15.0,375.0,1,1,1,1,1,0,0,0,1,1,4880000.0,13013.333333333334
فيلا,الرياض, العيينة ,شمالية,3,3,3,0.0,193.0,0,1,0,1,0,1,0,0,1,0,950000.0,4922.279792746114
فيلا,الرياض, حي الوادي ,غربية,5,3,5,0.0,375.0,1,1,1,1,0,0,0,0,1,0,2200000.0,5866.666666666667
فيلا,الرياض, حي النرجس ,شمالية,5,2,5,15.0,312.0,1,1,1,0,1,0,0,0,1,0,2550000.0,8173.076923076923
فيلا,الرياض, حي النرجس ,شمالية,5,3,5,17.0,240.0,1,1,1,0,0,1,0,0,1,1,2700000.0,11250.0
فيلا,الرياض, حي النخيل ,جنوبية شرقية,7,2,5,30.0,1825.0,1,1,1,1,1,1,1,1,1,0,20000000.0,10958.90410958904
فيلا,الرياض, الرياض ,شرقية,4,1,3,0.0,180.0,0,1,0,0,0,0,0,0,1,0,1100000.0,6111.111111111111
فيلا,الرياض, الرياض ,شمالية,3,1,4,40.0,236.0,1,1,0,0,0,0,0,0,0,0,1070000.0,4533.8983050847455
فيلا,الرياض, حي المونسية ,غربية,4,4,4,0.0,300.0,1,1,0,0,0,0,0,0,0,1,2250000.0,7500.0
فيلا,الرياض, حي المونسية ,غربية,4,2,5,0.0,300.0,1,1,1,0,1,1,0,0,1,1,2200000.0,7333.333333333333
فيلا,الرياض, حي القدس ,شمالية,6,2,5,0.0,900.0,1,1,1,1,1,1,1,0,1,0,4800000.0,5333.333333333333
فيلا,الرياض, حي القدس ,شمالية,5,5,5,0.0,900.0,1,1,0,0,1,1,1,0,1,0,4700000.0,5222.222222222223
فيلا,الرياض, حي الخليج ,غربية,5,2,4,0.0,324.0,1,1,1,1,1,1,0,0,1,0,2200000.0,6790.123456790124
فيلا,الرياض, حي الرمال ,شمالية,7,1,5,0.0,281.0,0,0,0,0,0,0,0,0,0,0,1400000.0,4982.20640569395
فيلا,الرياض, حي النسيم الغربي ,شرقية,5,2,3,0.0,312.0,0,1,0,0,0,1,0,0,1,0,1070000.0,3429.4871794871797
فيلا,الرياض, حي الريان ,جنوبية,7,2,5,15.0,360.0,1,1,1,1,1,0,1,0,1,0,4400000.0,12222.222222222223
فيلا,الرياض, حي الروضة ,جنوبية,5,2,5,0.0,900.0,1,0,0,0,0,0,0,0,0,0,5200000.0,5777.777777777777
فيلا,الرياض, حي المونسية ,جنوبية,6,2,4,0.0,319.0,1,1,1,1,1,1,0,0,1,1,3150000.0,9874.60815047022
فيلا,الرياض, حي الرمال ,جنوبية,7,3,5,0.0,300.0,1,1,1,0,1,1,0,0,1,0,2000000.0,6666.666666666667
فيلا,الرياض, حي الرمال ,جنوبية,7,3,5,0.0,319.0,1,1,1,0,1,1,0,0,1,0,2100000.0,6583.0721003134795
فيلا,الرياض, حي الحمراء ,جنوبية,5,2,1,0.0,750.0,1,1,1,1,1,1,0,0,1,0,4000000.0,5333.333333333333
فيلا,الرياض, حي النسيم الشرقي ,غربية,7,2,5,0.0,480.0,0,1,1,0,1,1,0,0,1,0,1200000.0,2500.0
فيلا,الرياض, حي الرمال ,شمالية,4,1,5,0.0,375.0,1,1,1,0,1,0,0,0,1,1,2450000.0,6533.333333333333
فيلا,الرياض, حي اشبيلية ,شمالية,6,2,4,0.0,500.0,0,1,0,0,1,1,0,0,0,0,3000000.0,6000.0
فيلا,الرياض, حي النهضة ,شمالية,7,5,5,0.0,495.0,1,1,0,0,0,1,0,0,0,0,1700000.0,3434.343434343434
فيلا,الرياض, حي النهضة ,غربية,5,2,5,0.0,324.0,1,0,1,0,1,1,0,0,1,0,1900000.0,5864.197530864198
فيلا,الرياض, حي القادسية ,جنوبية,6,2,5,0.0,365.0,1,0,0,0,0,0,0,0,1,0,2300000.0,6301.369863013699
فيلا,الرياض, حي اشبيلية ,شرقية,5,1,5,0.0,388.0,1,1,1,1,0,1,0,0,1,0,2200000.0,5670.103092783505
فيلا,الرياض, حي النسيم الشرقي ,غربية,7,3,5,0.0,480.0,0,1,0,0,0,0,0,0,0,0,1200000.0,2500.0
فيلا,الرياض, حي قرطبة ,شمالية,5,2,5,0.0,225.0,1,1,1,0,1,1,0,0,1,0,2450000.0,10888.888888888889
فيلا,الرياض, حي الرمال ,شمالية شرقية,6,2,5,0.0,404.0,1,0,0,1,1,1,0,1,1,1,2500000.0,6188.118811881188
فيلا,الرياض, حي الحمراء ,جنوبية,7,4,5,0.0,580.0,1,1,1,1,1,1,1,0,1,1,5400000.0,9310.344827586207
فيلا,الرياض, حي المونسية ,غربية,4,2,4,0.0,300.0,1,1,0,0,1,1,0,0,1,1,2300000.0,7666.666666666667
فيلا,الرياض, حي المونسية ,جنوبية غربية,5,2,4,0.0,480.0,1,1,1,0,1,1,1,0,1,1,5000000.0,10416.666666666666
فيلا,الرياض, حي النسيم الغربي ,جنوبية,5,2,5,12.0,250.0,1,1,0,0,1,1,0,0,1,0,1250000.0,5000.0
فيلا,الرياض, حي المونسية ,غربية,4,2,4,0.0,300.0,1,1,1,0,1,1,0,0,1,1,2300000.0,7666.666666666667
فيلا,الرياض, حي اليرموك ,شرقية,3,2,2,0.0,520.0,0,1,1,0,1,1,0,0,1,0,2400000.0,4615.384615384615
فيلا,الرياض, حي الملك فيصل ,شمالية شرقية,7,0,1,0.0,875.0,1,0,0,0,0,0,0,0,0,0,4500000.0,5142.857142857143
فيلا,الرياض, حي الصفا ,شمالية,5,3,5,0.0,735.0,1,1,1,1,1,1,0,0,1,0,2000000.0,2721.08843537415
فيلا,الرياض, حي النظيم ,جنوبية,4,4,3,0.0,500.0,1,1,0,0,1,1,0,0,1,0,1550000.0,3100.0
فيلا,الرياض, حي النظيم ,جنوبية,1,0,3,0.0,500.0,0,1,0,0,0,0,0,0,0,0,1550000.0,3100.0
فيلا,الرياض, حي الرمال ,غربية,7,2,5,20.0,266.0,1,1,1,0,0,1,0,0,1,0,1465000.0,5507.518796992481
فيلا,الرياض, حي النسيم الشرقي ,شمالية,7,2,5,0.0,483.0,0,1,1,1,1,1,0,0,1,0,1700000.0,3519.6687370600416
فيلا,الرياض, حي الحمراء ,شرقية,7,2,5,0.0,618.0,1,1,1,1,1,1,1,0,1,1,4500000.0,7281.553398058252
فيلا,الرياض, حي النهضة ,جنوبية,4,1,2,0.0,400.0,0,1,1,1,0,1,0,0,0,0,1300000.0,3250.0
فيلا,الرياض, حي اليرموك ,جنوبية,6,1,3,0.0,400.0,0,0,1,1,0,1,0,0,1,0,2000000.0,5000.0
فيلا,الرياض, حي المونسية ,شمالية,6,4,4,0.0,362.0,0,1,1,1,1,1,0,0,1,0,1990000.0,5497.237569060773
فيلا,الرياض, شارع جبل مره ,جنوبية,7,3,5,0.0,450.0,0,1,1,1,0,1,0,0,1,0,2600000.0,5777.777777777777
فيلا,الرياض, حي المونسية ,شمالية,5,2,5,0.0,400.0,1,1,1,1,0,1,0,0,1,0,2850000.0,7125.0
فيلا,الرياض, حي اشبيلية ,شرقية,5,2,5,0.0,430.0,1,1,1,1,1,1,0,0,1,0,2100000.0,4883.720930232558
فيلا,الرياض, حي القدس ,شمالية,4,2,5,0.0,450.0,1,1,1,1,0,1,0,1,1,0,3000000.0,6666.666666666667
فيلا,الرياض, حي المونسية ,شرقية,5,3,4,0.0,308.0,1,0,1,0,1,1,0,0,1,1,2650000.0,8603.896103896104
فيلا,الرياض, حي البيان ,جنوبية,1,2,5,0.0,359.0,1,1,0,0,1,1,0,0,1,0,1650000.0,4596.100278551532
فيلا,الرياض, حي الرمال ,غربية,6,0,5,0.0,280.0,1,0,1,0,0,0,0,0,0,0,1550000.0,5535.714285714285
فيلا,الرياض, حي الرمال ,شرقية,5,4,5,0.0,430.0,0,1,0,0,1,1,0,0,1,0,2500000.0,5813.953488372093
فيلا,الرياض, حي اليرموك ,شرقية,7,1,5,0.0,288.0,1,1,1,0,1,1,0,0,1,0,1800000.0,6250.0
فيلا,الرياض, حي السعادة ,جنوبية,6,2,5,0.0,200.0,1,1,0,0,0,1,0,0,1,1,1680000.0,8400.0
فيلا,الرياض, حي المونسية ,شمالية,7,4,5,0.0,312.0,1,1,1,0,1,1,0,0,1,1,2490000.0,7980.7692307692305
فيلا,الرياض, حي الاندلس ,شرقية,5,2,5,0.0,437.0,1,1,1,1,0,1,0,0,1,0,3500000.0,8009.153318077803
فيلا,الرياض, حي اليرموك ,جنوبية شرقية,7,3,5,0.0,336.0,1,1,1,1,1,1,0,0,1,0,2200000.0,6547.619047619048
فيلا,الرياض, حي اليرموك ,شمالية,5,2,5,0.0,312.0,1,1,1,1,1,1,0,0,1,1,2450000.0,7852.5641025641025
فيلا,الرياض, حي اليرموك ,جنوبية,4,2,4,0.0,250.0,1,0,0,0,1,1,0,0,1,0,2000000.0,8000.0
فيلا,الرياض, حي القدس ,غربية,4,2,4,15.0,149.0,1,1,0,0,0,1,0,0,1,1,1750000.0,11744.96644295302
فيلا,الرياض, حي الرمال ,شمالية,7,2,5,0.0,300.0,1,1,1,1,1,1,0,0,1,1,1850000.0,6166.666666666667
فيلا,الرياض, حي الاندلس ,جنوبية غربية,4,2,5,0.0,280.0,1,1,1,0,1,1,0,0,1,1,2100000.0,7500.0
فيلا,الرياض, حي اليرموك ,جنوبية,5,2,5,0.0,250.0,1,1,1,0,1,1,0,0,1,0,2000000.0,8000.0
فيلا,الرياض, الرياض ,جنوبية,6,3,5,0.0,250.0,1,1,0,0,1,1,0,0,1,0,1470000.0,5880.0
فيلا,الرياض, حي اليرموك ,جنوبية,4,1,4,0.0,250.0,1,1,1,0,1,1,0,0,1,0,1750000.0,7000.0
فيلا,الرياض, حي النسيم الغربي ,شرقية,7,3,4,0.0,300.0,1,1,1,0,1,1,0,0,1,0,1400000.0,4666.666666666667
فيلا,الرياض, ,جنوبية,5,2,5,0.0,250.0,0,1,1,0,1,1,0,0,1,0,1470000.0,5880.0
فيلا,الرياض, الرياض ,جنوبية,5,3,5,0.0,250.0,1,1,0,0,1,1,0,0,1,0,1470000.0,5880.0
فيلا,الرياض, الرياض ,شرقية,5,2,5,0.0,250.0,1,1,1,0,0,1,0,0,1,0,2050000.0,8200.0
فيلا,الرياض, حي النسيم الغربي ,شمالية,5,3,5,0.0,437.0,1,1,0,0,0,1,0,0,1,1,1750000.0,4004.5766590389017
فيلا,الرياض, حي السعادة ,شرقية,7,5,5,21.0,325.0,1,1,1,0,1,1,0,0,1,0,1700000.0,5230.7692307692305
فيلا,الرياض, حي النسيم الغربي ,غربية,7,5,5,12.0,458.0,0,1,0,0,1,1,0,0,0,0,1100000.0,2401.7467248908297
فيلا,الرياض, حي البيان ,شمالية شرقية,7,2,5,0.0,360.0,1,1,0,0,1,0,0,0,0,0,1900000.0,5277.777777777777
فيلا,الرياض, حي المونسية ,شرقية,5,2,5,0.0,250.0,1,1,1,0,1,1,0,0,1,1,1850000.0,7400.0
فيلا,الرياض, حي الجنادرية ,شمالية,4,1,4,0.0,375.0,0,1,0,0,0,1,0,0,1,0,1200000.0,3200.0
فيلا,الرياض, حي الروضة ,شرقية,1,0,5,0.0,335.0,0,1,1,1,0,0,0,0,0,0,2000000.0,5970.149253731343
فيلا,الرياض, حي المونسية ,غربية,5,2,5,0.0,250.0,1,0,1,0,0,1,0,0,0,0,1850000.0,7400.0
فيلا,الرياض, حي القادسية ,شمالية,4,2,5,0.0,270.0,1,1,1,0,1,1,0,0,1,1,1550000.0,5740.740740740741
فيلا,الرياض, حي قرطبة ,غربية,7,4,5,0.0,2500.0,1,1,1,1,1,1,0,0,1,0,16700000.0,6680.0
فيلا,الرياض, حي اشبيلية ,شرقية,7,2,5,0.0,900.0,1,0,0,0,0,0,0,0,0,0,3000000.0,3333.3333333333335
فيلا,الرياض, حي القادسية ,جنوبية شرقية,1,1,5,0.0,337.0,1,1,1,0,0,0,0,0,1,1,1950000.0,5786.350148367953
فيلا,الرياض, حي المونسية ,غربية,5,2,4,0.0,250.0,1,0,1,0,0,0,0,0,0,0,2100000.0,8400.0
فيلا,الرياض, حي الحمراء ,غربية,7,3,5,0.0,1180.0,1,1,1,1,1,1,0,1,0,1,6500000.0,5508.474576271186
فيلا,الرياض, حي الخليج ,جنوبية غربية,7,1,5,0.0,246.0,1,1,1,0,1,1,0,0,1,1,2300000.0,9349.59349593496
فيلا,الرياض, حي الصفا ,غربية,7,4,5,0.0,750.0,0,1,0,0,0,1,0,0,0,0,2700000.0,3600.0
فيلا,الرياض, حي الرمال ,شمالية,4,2,4,0.0,281.0,1,0,1,0,1,1,0,0,1,0,1400000.0,4982.20640569395
فيلا,الرياض, حي قرطبة ,جنوبية,3,1,5,0.0,220.0,1,1,1,1,0,1,0,0,1,0,2200000.0,10000.0
فيلا,الرياض, حي الاندلس ,شمالية,5,1,5,0.0,240.0,1,1,1,0,0,0,0,0,1,1,2000000.0,8333.333333333334
فيلا,الرياض, حي السعادة ,غربية,5,1,3,5.0,300.0,0,1,0,0,0,1,0,0,1,0,1600000.0,5333.333333333333
فيلا,الرياض, حي النسيم الغربي ,شمالية,4,2,4,0.0,312.0,1,1,0,0,1,1,0,0,1,1,1500000.0,4807.692307692308
فيلا,الرياض, الرياض ,شرقية,4,2,4,0.0,390.0,1,1,1,0,1,1,0,0,1,0,1900000.0,4871.794871794872
فيلا,الرياض, حي النظيم ,شرقية,3,1,3,0.0,375.0,0,1,1,0,1,0,0,0,0,0,1070000.0,2853.3333333333335
فيلا,الرياض, حي المونسية ,جنوبية,6,4,5,0.0,262.0,1,1,1,1,0,1,0,0,1,0,2000000.0,7633.587786259542
فيلا,الرياض, حي اشبيلية ,غربية,5,3,5,0.0,300.0,0,0,0,0,1,1,0,0,1,1,1300000.0,4333.333333333333
فيلا,الرياض, حي الجنادرية ,شمالية,4,2,4,0.0,360.0,1,1,1,1,0,0,0,0,1,0,1500000.0,4166.666666666667
فيلا,الرياض, حي الروضة ,شرقية,5,2,5,5.0,335.0,1,1,1,1,1,0,0,0,1,0,2000000.0,5970.149253731343
فيلا,الرياض, حي الازدهار ,غربية,4,4,5,0.0,200.0,1,0,1,0,0,1,0,0,1,1,2400000.0,12000.0
فيلا,الرياض, حي النهضة ,غربية,5,1,4,0.0,417.0,0,1,0,1,1,1,0,0,1,0,2500000.0,5995.2038369304555
فيلا,الرياض, حي النسيم الغربي ,غربية,5,2,5,0.0,625.0,0,1,1,1,1,1,0,0,1,0,1200000.0,1920.0
فيلا,الرياض, الرياض ,جنوبية,5,3,5,0.0,630.0,1,1,1,1,1,1,1,0,1,0,4300000.0,6825.396825396825
فيلا,الرياض, الرياض ,غربية,6,2,5,0.0,305.0,1,0,1,0,1,0,0,0,1,1,1650000.0,5409.836065573771
فيلا,الرياض, حي اليرموك ,شمالية,4,2,4,0.0,250.0,1,1,1,0,1,1,0,0,1,1,1900000.0,7600.0
فيلا,الرياض, حي الخليج ,جنوبية,6,4,3,0.0,350.0,0,0,0,0,0,0,0,0,0,0,1880000.0,5371.428571428572
فيلا,الرياض, حي الحمراء ,غربية,7,2,5,0.0,2500.0,1,1,1,1,1,1,0,0,1,0,16700000.0,6680.0
فيلا,الرياض, حي غرناطة ,شمالية غربية,5,2,5,0.0,840.0,0,1,0,0,0,0,0,0,1,0,4000000.0,4761.9047619047615
فيلا,الرياض, حي الحمراء ,جنوبية,5,2,5,0.0,618.0,1,1,1,1,1,1,0,0,1,1,6000000.0,9708.73786407767
فيلا,الرياض, حي المونسية ,شمالية,4,2,5,20.0,200.0,1,1,1,0,1,1,0,0,1,0,1200000.0,6000.0
فيلا,الرياض, حي القدس ,شمالية,5,3,5,15.0,900.0,0,1,1,1,1,1,1,0,1,0,5000000.0,5555.555555555556
فيلا,الرياض, الرياض ,غربية,7,3,4,15.0,375.0,1,1,0,0,1,1,0,0,1,0,1500000.0,4000.0
فيلا,الرياض, حي الخليج ,شرقية,5,2,5,20.0,325.0,1,1,0,0,1,0,0,0,1,0,2000000.0,6153.846153846154
فيلا,الرياض, حي الاندلس ,شمالية,6,4,5,12.0,750.0,1,1,1,1,1,1,0,0,1,0,3300000.0,4400.0
فيلا,الرياض, حي الاندلس ,شمالية,6,1,3,15.0,400.0,0,1,0,1,1,1,0,0,1,0,2650000.0,6625.0
فيلا,الرياض, حي الروضة ,غربية,6,1,5,20.0,637.0,0,1,1,1,1,1,0,0,1,0,2550000.0,4003.1397174254316
فيلا,الرياض, حي النهضة ,شمالية,4,2,5,15.0,375.0,1,1,1,0,1,1,0,0,1,1,2650000.0,7066.666666666667
فيلا,الرياض, الرياض ,شرقية,3,0,5,10.0,484.0,0,1,0,0,0,0,0,0,0,0,1670000.0,3450.413223140496
فيلا,الرياض, حي اشبيلية ,شرقية,5,3,5,20.0,432.0,0,1,1,1,0,1,0,0,1,0,2300000.0,5324.074074074074
فيلا,الرياض, حي القادسية ,شرقية,5,0,4,15.0,375.0,0,1,0,0,1,1,0,0,1,0,2400000.0,6400.0
فيلا,الرياض, حي النسيم الغربي ,غربية,7,2,2,10.0,500.0,0,1,0,0,0,0,0,0,1,0,1250000.0,2500.0
فيلا,الرياض, حي المعيزلة ,غربية,4,2,4,20.0,600.0,1,1,1,0,1,1,0,0,1,0,3000000.0,5000.0
فيلا,الرياض, حي الحمراء ,غربية,7,2,5,25.0,618.0,1,1,0,1,1,1,0,0,1,1,6000000.0,9708.73786407767
فيلا,الرياض, حي الرمال ,شرقية,6,1,5,20.0,495.0,1,1,0,0,1,1,0,0,1,0,2500000.0,5050.50505050505
فيلا,الرياض, حي الحمراء ,شرقية,7,3,5,25.0,1237.0,1,1,1,0,1,1,0,0,1,0,6500000.0,5254.648342764754
فيلا,الرياض, حي الرمال ,شمالية,4,2,4,15.0,337.0,1,1,1,1,1,1,0,0,1,0,2100000.0,6231.454005934718
فيلا,الرياض, حي القدس ,غربية,7,3,5,15.0,900.0,1,1,0,1,1,0,0,0,1,0,4500000.0,5000.0
فيلا,الرياض, الرياض ,شرقية,7,4,5,15.0,288.0,1,1,1,0,1,1,0,0,1,1,1770000.0,6145.833333333333
فيلا,الرياض, حي الرمال ,جنوبية,4,2,5,15.0,312.0,1,1,0,0,1,1,0,0,0,0,2000000.0,6410.25641025641
فيلا,الرياض, حي الرمال ,غربية,7,3,5,18.0,300.0,1,1,1,0,0,1,0,0,1,0,1500000.0,5000.0
فيلا,الرياض, حي الرمال ,شمالية,7,2,5,20.0,315.0,1,1,1,0,0,1,0,0,1,1,1600000.0,5079.3650793650795
فيلا,الرياض, حي الرمال ,غربية,7,3,5,18.0,300.0,1,1,1,0,1,1,0,0,1,0,1600000.0,5333.333333333333
فيلا,الرياض, حي قرطبة ,شرقية,7,2,5,20.0,375.0,1,1,1,0,0,0,0,0,0,0,4000000.0,10666.666666666666
فيلا,الرياض, حي الرمال ,شرقية,4,2,5,15.0,375.0,1,1,0,0,1,1,0,0,1,0,2450000.0,6533.333333333333
فيلا,الرياض, حي المونسية ,غربية,4,2,4,20.0,250.0,1,1,1,0,1,1,0,0,1,0,1750000.0,7000.0
فيلا,الرياض, حي الرمال ,شمالية شرقية,7,2,3,15.0,288.0,1,1,0,0,0,1,0,0,1,1,1770000.0,6145.833333333333
فيلا,الرياض, حي الفيحاء ,غربية,7,1,5,15.0,750.0,1,1,1,0,1,1,0,0,1,0,2100000.0,2800.0
فيلا,الرياض, حي السعادة ,غربية,5,2,5,15.0,312.0,1,1,0,0,1,1,0,0,1,1,1550000.0,4967.948717948718
فيلا,الرياض, حي الفيحاء ,شرقية,7,2,5,15.0,250.0,1,1,1,0,1,1,0,0,1,0,1150000.0,4600.0
فيلا,الرياض, حي مطار الملك خالد الدولي ,شرقية,3,1,3,21.0,330.0,1,1,0,0,0,0,0,0,0,0,1650000.0,5000.0
فيلا,الرياض, حي النهضة ,غربية,7,4,5,20.0,375.0,1,1,1,1,1,1,0,0,1,1,2200000.0,5866.666666666667
فيلا,الرياض, حي الملز ,شمالية شرقية,7,5,5,10.0,750.0,0,1,0,1,0,0,0,0,0,0,2100000.0,2800.0
فيلا,الرياض, الرياض ,غربية,6,3,4,15.0,300.0,1,1,1,1,0,1,0,0,1,0,1150000.0,3833.3333333333335
فيلا,الرياض, ,شمالية,5,2,4,18.0,300.0,0,1,0,0,0,1,0,0,1,0,900000.0,3000.0
فيلا,الرياض, حي القدس ,شمالية,6,2,5,15.0,270.0,1,0,0,0,0,1,0,0,1,0,2800000.0,10370.37037037037
فيلا,الرياض, حي الرمال ,شمالية,7,2,5,20.0,281.0,1,1,1,1,1,1,0,0,1,0,1400000.0,4982.20640569395
فيلا,الرياض, حي اليرموك ,جنوبية,4,2,5,15.0,200.0,0,1,0,0,0,0,0,0,0,0,1800000.0,9000.0
فيلا,الرياض, حي اليرموك ,جنوبية,5,2,5,20.0,250.0,1,1,1,0,0,1,0,0,1,0,2200000.0,8800.0
فيلا,الرياض, حي المعيزلة ,شمالية,5,2,5,15.0,595.0,1,1,1,1,1,1,0,0,1,0,2500000.0,4201.680672268908
فيلا,الرياض, حي المونسية ,جنوبية,4,2,5,20.0,312.0,1,1,1,0,1,0,0,0,1,1,2200000.0,7051.282051282052
فيلا,الرياض, حي قرطبة ,شمالية,5,1,5,30.0,1080.0,0,1,1,1,1,1,1,0,1,1,9500000.0,8796.296296296296
فيلا,الرياض, حي السعادة ,شمالية غربية,4,2,5,15.0,250.0,1,1,1,0,1,0,0,0,1,0,1600000.0,6400.0
فيلا,الرياض, حي المونسية ,شرقية,5,3,5,20.0,250.0,1,1,1,0,1,1,0,0,1,0,1750000.0,7000.0
فيلا,الرياض, حي النهضة ,جنوبية,4,3,4,20.0,375.0,1,1,1,0,0,0,0,0,1,1,2150000.0,5733.333333333333
فيلا,الرياض, حي الرمال ,جنوبية,5,3,5,5.0,360.0,1,1,1,0,1,1,0,0,1,1,2350000.0,6527.777777777777
فيلا,الرياض, حي السلام ,غربية,7,0,5,15.0,500.0,0,1,1,1,1,1,0,0,1,0,1800000.0,3600.0
فيلا,الرياض, حي القادسية ,شمالية شرقية,7,5,5,15.0,850.0,1,1,1,1,1,1,1,0,1,1,6500000.0,7647.058823529412
فيلا,الرياض, حي المونسية ,شرقية,7,3,5,20.0,308.0,1,1,1,0,1,1,0,0,1,1,2600000.0,8441.558441558442
فيلا,الرياض, حي الحمراء ,جنوبية,7,2,5,20.0,750.0,1,1,1,1,1,1,0,0,1,0,4500000.0,6000.0
فيلا,الرياض, حي المونسية ,جنوبية,5,2,5,15.0,250.0,1,1,1,0,1,1,0,0,1,0,1800000.0,7200.0
فيلا,الرياض, الرياض ,جنوبية,6,2,5,18.0,520.0,1,1,1,0,1,1,0,0,1,1,2400000.0,4615.384615384615
فيلا,الرياض, حي الحمراء ,غربية,6,4,5,18.0,1237.0,0,1,1,1,1,1,1,0,1,1,8900000.0,7194.82619240097
فيلا,الرياض, حي اشبيلية ,جنوبية شرقية,6,3,5,15.0,585.0,1,1,1,1,0,1,0,0,1,0,2800000.0,4786.324786324786
فيلا,الرياض, حي الروضة ,جنوبية غربية,7,2,5,12.0,315.0,0,1,0,0,0,1,0,0,1,0,1800000.0,5714.285714285715
فيلا,الرياض, حي السعادة ,جنوبية غربية,5,1,3,15.0,361.0,0,1,0,0,1,1,0,0,1,0,1760000.0,4875.3462603878115
فيلا,الرياض, حي الملز ,غربية,7,5,5,15.0,625.0,0,1,1,1,1,1,0,0,1,0,4000000.0,6400.0
فيلا,الرياض, حي الرمال ,غربية,5,2,5,15.0,250.0,1,1,1,0,1,0,0,0,1,0,1300000.0,5200.0
فيلا,الرياض, حي الرمال ,جنوبية,5,2,5,18.0,300.0,0,1,1,0,0,1,0,0,0,0,1650000.0,5500.0
فيلا,الرياض, الرياض ,غربية,5,1,5,18.0,250.0,1,1,1,0,0,0,0,0,0,0,1450000.0,5800.0
فيلا,الرياض, حي المونسية ,شمالية غربية,5,2,5,15.0,440.0,1,1,1,0,0,0,0,0,0,0,3250000.0,7386.363636363636
فيلا,الرياض, حي المونسية ,جنوبية,5,2,5,15.0,250.0,1,1,1,0,0,0,0,0,1,0,1900000.0,7600.0
فيلا,الرياض, حي البيان ,شرقية,7,3,5,25.0,336.0,1,1,1,0,0,1,0,0,1,0,1800000.0,5357.142857142857
فيلا,الرياض, الرياض ,شرقية,5,2,3,20.0,376.0,1,1,0,1,0,1,0,0,1,1,2760000.0,7340.425531914893
فيلا,الرياض, الرياض ,شمالية غربية,5,2,5,20.0,250.0,1,1,1,0,1,0,0,0,1,0,1600000.0,6400.0
فيلا,الرياض, الرياض ,جنوبية,5,2,5,20.0,300.0,1,1,1,0,1,0,0,0,1,0,1650000.0,5500.0
فيلا,الرياض, الرياض ,جنوبية,5,2,5,15.0,300.0,1,1,1,0,1,0,0,0,1,0,1400000.0,4666.666666666667
فيلا,الرياض, الرياض ,غربية,7,2,5,18.0,325.0,1,1,1,0,1,1,0,0,1,0,1650000.0,5076.923076923077
فيلا,الرياض, الرياض ,جنوبية غربية,5,2,5,20.0,264.0,1,1,1,0,1,0,0,0,1,0,2150000.0,8143.939393939394
فيلا,الرياض, الرياض ,جنوبية,5,2,5,20.0,300.0,1,1,1,0,1,0,0,0,1,0,1900000.0,6333.333333333333
فيلا,الرياض, الرياض ,غربية,5,2,5,15.0,375.0,1,1,1,0,1,0,0,0,1,0,2300000.0,6133.333333333333
فيلا,الرياض, حي المونسية ,جنوبية,5,3,5,18.0,250.0,1,1,1,1,1,1,0,0,1,1,1950000.0,7800.0
فيلا,الرياض, حي المونسية ,غربية,5,2,5,18.0,250.0,1,1,1,0,1,0,0,0,1,0,1950000.0,7800.0
فيلا,الرياض, حي الشهداء ,شرقية,7,1,5,15.0,297.0,1,1,1,1,0,1,0,0,1,0,1750000.0,5892.255892255892
فيلا,الرياض, حي المونسية ,شمالية,5,2,5,15.0,250.0,1,1,1,0,1,0,0,0,1,0,2000000.0,8000.0
فيلا,الرياض, حي المونسية ,جنوبية,5,2,5,15.0,250.0,1,1,1,0,0,0,0,0,0,0,2000000.0,8000.0
فيلا,الرياض, حي اليرموك ,شمالية,6,2,5,15.0,312.0,1,1,1,0,1,1,0,0,1,0,2500000.0,8012.820512820513
فيلا,الرياض, حي الجنادرية ,غربية,7,4,5,20.0,360.0,1,1,0,0,1,1,0,0,1,1,1600000.0,4444.444444444444
فيلا,الرياض, حي الرمال ,شمالية,7,3,5,20.0,950.0,1,1,1,0,1,1,0,0,1,1,4400000.0,4631.578947368421
فيلا,الرياض, حي الروابي ,جنوبية,7,2,5,20.0,462.0,1,1,1,1,1,1,0,0,1,0,3000000.0,6493.506493506494
فيلا,الرياض, حي النهضة ,غربية,5,3,5,15.0,275.0,1,1,1,0,0,1,0,0,1,0,1770000.0,6436.363636363636
فيلا,الرياض, حي الحمراء ,شمالية,6,2,5,20.0,465.0,0,1,1,1,1,1,0,0,1,0,3500000.0,7526.881720430108
فيلا,الرياض, حي اشبيلية ,جنوبية غربية,6,2,5,25.0,325.0,1,1,1,1,1,1,0,0,1,0,2850000.0,8769.23076923077
فيلا,الرياض, الرياض ,شمالية,7,2,5,18.0,300.0,1,1,1,0,1,1,0,0,1,0,1650000.0,5500.0
فيلا,الرياض, حي الازدهار ,شمالية,4,1,5,15.0,300.0,1,1,1,1,0,1,0,0,1,0,2500000.0,8333.333333333334
فيلا,الرياض, حي قرطبة ,شمالية,7,3,5,15.0,350.0,0,1,1,1,1,1,0,0,1,0,3100000.0,8857.142857142857
فيلا,الرياض, حي السلام ,شرقية,7,2,5,20.0,500.0,0,1,1,0,0,1,0,0,1,0,1850000.0,3700.0
فيلا,الرياض, حي النظيم ,شمالية,5,1,4,15.0,313.0,0,1,1,1,0,1,0,0,1,0,1450000.0,4632.58785942492
فيلا,الرياض, حي الرمال ,جنوبية,7,2,5,15.0,312.0,1,1,1,0,1,1,0,0,1,0,1600000.0,5128.205128205128
فيلا,الرياض, حي الرمال ,شرقية,4,1,2,15.0,500.0,0,1,0,0,0,1,0,0,1,0,1900000.0,3800.0
فيلا,الرياض, حي الحمراء ,غربية,7,3,5,25.0,618.0,1,1,1,1,1,1,1,0,1,1,5500000.0,8899.676375404531
فيلا,الرياض, حي البيان ,شرقية,4,2,5,15.0,435.0,1,1,1,1,0,1,1,0,1,0,1600000.0,3678.1609195402298
فيلا,الرياض, حي الاندلس ,شمالية,5,5,5,15.0,750.0,1,1,1,1,1,1,1,0,1,0,3300000.0,4400.0
فيلا,الرياض, حي النهضة ,جنوبية,5,1,5,0.0,360.0,1,1,1,0,1,1,0,0,1,0,1950000.0,5416.666666666667
فيلا,الرياض, حي الشهداء ,شرقية,7,4,5,0.0,900.0,0,1,0,0,0,0,0,0,0,0,4000000.0,4444.444444444444
فيلا,الرياض, حي غرناطة ,شرقية,7,2,3,0.0,900.0,0,0,0,0,0,0,0,0,0,0,4000000.0,4444.444444444444
فيلا,الرياض, حي اشبيلية ,شرقية,4,3,5,0.0,900.0,1,1,0,0,0,1,0,0,1,0,2550000.0,2833.3333333333335
فيلا,الرياض, حي اليرموك ,شرقية,5,1,4,0.0,900.0,1,0,1,1,0,1,0,0,1,0,2500000.0,2777.777777777778
فيلا,الرياض, حي غرناطة ,شرقية,4,4,5,0.0,900.0,0,1,0,1,0,0,0,0,0,0,4500000.0,5000.0
فيلا,الرياض, حي المنار ,شمالية,7,1,5,15.0,313.0,1,1,1,0,1,1,0,0,1,0,2300000.0,7348.242811501597
فيلا,الرياض, حي النسيم الغربي ,غربية,7,3,5,15.0,500.0,0,1,0,0,1,1,0,0,0,0,1500000.0,3000.0
فيلا,الرياض, حي القادسية ,غربية,7,3,5,20.0,280.0,0,1,0,0,0,1,0,0,0,0,1450000.0,5178.571428571428
فيلا,الرياض, الرياض ,جنوبية,7,3,5,0.0,312.0,1,1,1,0,0,1,0,0,1,1,1000230.0,3205.8653846153848
فيلا,الرياض, حي ظهرة لبن ,جنوبية شرقية,5,2,5,0.0,450.0,1,1,1,0,1,1,0,0,1,0,3000000.0,6666.666666666667
فيلا,الرياض, حي ظهرة لبن ,شمالية,5,2,5,0.0,395.0,0,0,0,0,0,0,0,0,0,0,1240000.0,3139.240506329114
فيلا,الرياض, حي ظهرة لبن ,غربية,5,3,5,0.0,450.0,1,1,1,0,0,1,0,0,1,0,2190000.0,4866.666666666667
فيلا,الرياض, حي ظهرة لبن ,غربية,5,3,5,0.0,450.0,0,1,1,1,0,1,0,0,1,0,2190000.0,4866.666666666667
فيلا,الرياض, حي المهدية ,جنوبية,4,4,4,0.0,704.0,1,1,1,0,1,1,0,0,0,0,2300000.0,3267.0454545454545
فيلا,الرياض, حي المهدية ,غربية,6,2,4,0.0,704.0,1,1,0,0,0,1,0,0,1,0,2300000.0,3267.0454545454545
فيلا,الرياض, حي ظهرة لبن ,شمالية,4,2,4,0.0,450.0,1,1,1,0,1,1,0,0,1,0,2300000.0,5111.111111111111
فيلا,الرياض, حي ظهرة لبن ,شمالية,5,2,5,0.0,274.0,1,0,0,0,0,0,0,0,0,0,1100000.0,4014.598540145985
فيلا,الرياض, حي ظهرة لبن ,غربية,5,3,5,0.0,493.0,1,0,0,0,0,0,0,0,0,0,2500000.0,5070.993914807303
فيلا,الرياض, حي العريجاء الغربي ,غربية,5,3,5,0.0,200.0,1,0,0,0,1,1,0,0,1,0,1050000.0,5250.0
فيلا,الرياض, حي ظهرة لبن ,شمالية,6,0,3,0.0,450.0,0,0,0,0,0,0,0,0,0,0,1850000.0,4111.111111111111
فيلا,الرياض, حي ظهرة لبن ,شمالية,7,3,5,0.0,450.0,1,1,1,0,1,1,0,0,1,0,1750000.0,3888.8888888888887
فيلا,الرياض, الرياض ,شمالية,2,2,4,0.0,375.0,0,1,0,0,0,1,0,0,1,0,1100000.0,2933.3333333333335
فيلا,الرياض, حي طويق ,جنوبية غربية,7,5,5,0.0,225.0,1,1,1,1,1,1,0,0,1,0,1350000.0,6000.0
فيلا,الرياض, حي طويق ,غربية,5,5,5,0.0,225.0,1,1,1,1,1,1,0,0,1,0,1250000.0,5555.555555555556
فيلا,الرياض, حي ظهرة لبن ,شمالية,5,3,5,0.0,200.0,1,0,0,0,0,0,0,0,0,0,1200000.0,6000.0
فيلا,الرياض, حي ظهرة لبن ,شمالية,7,3,5,0.0,200.0,1,0,1,0,0,0,0,0,0,1,1200000.0,6000.0
فيلا,الرياض, حي ظهرة البديعة ,غربية,7,2,5,0.0,250.0,0,0,1,0,1,1,0,0,1,0,1250000.0,5000.0
فيلا,الرياض, حي طويق ,جنوبية,5,5,5,0.0,300.0,1,1,1,1,1,1,0,0,1,1,1450000.0,4833.333333333333
فيلا,الرياض, حي ظهرة لبن ,جنوبية غربية,5,3,5,0.0,280.0,0,1,0,0,0,0,0,0,0,0,1150000.0,4107.142857142857
فيلا,الرياض, حي طويق ,غربية,7,1,5,15.0,360.0,1,1,1,0,1,1,0,0,1,0,1400000.0,3888.8888888888887
فيلا,الرياض, حي نمار ,غربية,7,2,5,0.0,319.0,1,1,1,0,1,1,0,0,1,0,1200000.0,3761.755485893417
فيلا,الرياض, حي الحزم ,غربية,7,2,5,0.0,300.0,1,0,1,0,1,1,0,0,1,0,1200000.0,4000.0
فيلا,الرياض, حي الحزم ,غربية,7,2,5,0.0,312.0,1,1,1,0,1,1,0,0,1,0,1300000.0,4166.666666666667
فيلا,الرياض, حي الحزم ,غربية,7,2,5,0.0,300.0,1,1,1,0,1,1,0,0,1,0,1250000.0,4166.666666666667
فيلا,الرياض, حي الحزم ,غربية,7,2,5,0.0,300.0,1,1,0,0,1,1,0,0,1,0,1250000.0,4166.666666666667
فيلا,الرياض, حي طويق ,جنوبية,5,3,5,0.0,300.0,1,1,1,0,1,0,0,0,1,0,1500000.0,5000.0
فيلا,الرياض, حي طويق ,جنوبية,6,2,5,0.0,300.0,1,1,0,0,0,1,0,0,1,0,1500000.0,5000.0
فيلا,الرياض, حي طويق ,غربية,5,2,5,0.0,300.0,1,1,0,0,0,1,0,0,1,0,1550000.0,5166.666666666667
فيلا,الرياض, الرياض ,جنوبية,7,5,5,0.0,469.0,1,1,1,0,1,1,0,0,1,1,1700000.0,3624.7334754797444
فيلا,الرياض, حي ظهرة لبن ,جنوبية,7,3,5,0.0,450.0,1,1,1,1,1,1,0,0,1,0,2000000.0,4444.444444444444
فيلا,الرياض, الرياض ,جنوبية,7,4,5,0.0,469.0,1,1,1,1,1,1,0,0,1,1,1700000.0,3624.7334754797444
فيلا,الرياض, حي طويق ,غربية,7,2,5,0.0,375.0,1,1,1,1,1,1,0,0,1,0,1430000.0,3813.3333333333335
فيلا,الرياض, حي المهدية ,غربية,7,4,5,0.0,447.0,0,1,1,0,1,1,0,0,1,0,4200000.0,9395.973154362417
فيلا,الرياض, حي المهدية ,جنوبية,4,5,5,0.0,469.0,1,1,1,0,1,1,0,0,1,1,1450000.0,3091.684434968017
فيلا,الرياض, حي ظهرة لبن ,جنوبية شرقية,5,3,5,0.0,290.0,1,1,0,0,0,0,0,0,0,0,900000.0,3103.448275862069
فيلا,الرياض, حي ظهرة لبن ,جنوبية,5,0,5,0.0,375.0,1,1,1,0,1,1,0,0,1,1,2000000.0,5333.333333333333
فيلا,الرياض, حي طويق ,شمالية شرقية,5,2,5,0.0,200.0,1,1,1,0,1,1,0,0,1,0,1100000.0,5500.0
فيلا,الرياض, حي طويق ,شرقية,6,2,5,0.0,450.0,1,1,1,0,1,1,0,0,1,1,3400000.0,7555.555555555556
فيلا,الرياض, الرياض ,جنوبية,7,5,5,0.0,469.0,1,1,1,0,1,1,0,0,1,1,1600000.0,3411.513859275053
فيلا,الرياض, الرياض ,جنوبية,7,5,5,0.0,469.0,1,1,1,0,1,1,0,0,1,1,1830000.0,3901.9189765458423
فيلا,الرياض, الرياض ,جنوبية,6,5,5,0.0,469.0,1,1,1,0,1,1,0,0,1,1,1830000.0,3901.9189765458423
فيلا,الرياض, حي طويق ,شمالية,6,1,3,0.0,480.0,0,1,0,0,1,1,0,0,1,0,1900000.0,3958.3333333333335
فيلا,الرياض, حي الزهرة ,جنوبية,5,2,5,0.0,500.0,0,1,1,0,1,1,0,0,1,0,880000.0,1760.0
فيلا,الرياض, حي هجرة لبن ,جنوبية شرقية,7,4,5,0.0,500.0,1,1,1,1,1,1,0,0,1,0,3700000.0,7400.0
فيلا,الرياض, حي الحزم ,شمالية,6,3,5,0.0,252.0,1,1,1,0,0,1,0,0,1,1,1280000.0,5079.3650793650795
فيلا,الرياض, حي ظهرة البديعة ,شرقية,5,2,5,0.0,312.0,1,1,1,0,1,1,0,0,1,0,1900000.0,6089.74358974359
فيلا,الرياض, حي طويق ,غربية,7,4,5,0.0,400.0,0,1,0,0,1,0,0,0,0,0,980000.0,2450.0
فيلا,الرياض, حي الرفيعة ,شرقية,7,2,5,10.0,550.0,1,1,1,0,0,1,0,1,1,0,4000000.0,7272.727272727273
فيلا,الرياض, حي الحزم ,جنوبية,4,2,5,15.0,312.0,1,1,1,0,1,0,0,0,1,0,1500000.0,4807.692307692308
فيلا,الرياض, حي الحزم ,شرقية,5,3,5,30.0,200.0,1,1,1,0,1,1,0,0,1,0,1080000.0,5400.0
فيلا,الرياض, حي العريجاء الغربي ,شمالية,7,3,5,12.0,312.0,0,1,1,1,1,1,0,0,1,1,1800000.0,5769.2307692307695
فيلا,الرياض, حي الحزم ,جنوبية شرقية,5,2,4,12.0,312.0,1,1,1,0,0,1,0,0,1,0,1410000.0,4519.2307692307695
فيلا,الرياض, حي العوالي ,غربية,3,1,3,18.0,275.0,0,1,0,0,0,0,0,0,0,0,1250000.0,4545.454545454545
فيلا,الرياض, الرياض ,شرقية,7,1,4,5.0,312.0,1,1,0,0,1,1,0,0,1,0,1600000.0,5128.205128205128
فيلا,الرياض, حي ظهرة لبن ,جنوبية غربية,2,2,4,26.0,240.0,0,1,1,0,1,0,0,0,0,0,950000.0,3958.3333333333335
فيلا,الرياض, حي طويق ,شمالية شرقية,5,2,5,15.0,905.0,0,1,1,1,1,1,0,0,1,0,1900000.0,2099.4475138121547
فيلا,الرياض, حي شبرا ,شمالية,4,2,4,10.0,500.0,0,1,0,1,1,1,0,0,1,0,1150000.0,2300.0
فيلا,الرياض, حي طويق ,غربية,4,2,5,20.0,312.0,1,1,1,0,1,1,0,0,1,0,1450000.0,4647.4358974358975
فيلا,الرياض, حي المهدية ,جنوبية,5,3,5,15.0,245.0,0,1,1,0,0,0,0,0,0,1,1900000.0,7755.102040816327
فيلا,الرياض, حي طويق ,شمالية,7,2,5,20.0,200.0,1,1,0,0,1,1,0,0,0,0,1050000.0,5250.0
فيلا,الرياض, حي لبن ,شمالية,3,1,3,5.0,225.0,0,1,0,0,0,0,0,0,0,0,1750000.0,7777.777777777777
فيلا,الرياض, حي المهدية ,شرقية,6,2,5,25.0,225.0,1,1,1,1,1,1,0,0,1,0,1500000.0,6666.666666666667
فيلا,الرياض, حي المهدية ,غربية,7,0,4,20.0,836.0,1,1,0,0,1,1,0,1,1,1,3500000.0,4186.602870813397
فيلا,الرياض, حي ظهرة لبن ,جنوبية,4,3,5,20.0,400.0,1,1,0,0,0,1,0,0,1,1,1150000.0,2875.0
فيلا,الرياض, حي الزهرة ,شمالية,7,4,4,25.0,1125.0,1,1,1,0,1,1,0,0,1,0,2000000.0,1777.7777777777778
فيلا,الرياض, حي طويق ,شرقية,3,1,3,16.0,200.0,0,1,0,0,0,0,0,0,0,0,1000000.0,5000.0
فيلا,الرياض, الرياض ,شمالية,5,3,5,5.0,200.0,1,1,0,0,0,1,0,0,1,0,1450000.0,7250.0
فيلا,الرياض, الرياض ,شمالية,5,2,5,15.0,437.0,1,1,0,1,1,1,0,0,1,0,1350000.0,3089.244851258581
فيلا,الرياض, الرياض ,شمالية,5,3,5,20.0,200.0,1,1,0,0,0,1,0,0,1,0,1450000.0,7250.0
فيلا,الرياض, الرياض ,جنوبية غربية,5,3,5,20.0,200.0,1,1,1,0,0,0,0,0,1,0,1600000.0,8000.0
فيلا,الرياض, حي الزهرة ,شمالية غربية,7,2,5,30.0,760.0,1,1,1,1,0,1,0,0,1,0,2000000.0,2631.5789473684213
فيلا,الرياض, حي طويق ,شمالية غربية,5,3,5,25.0,250.0,1,1,0,0,0,0,0,0,1,1,1350000.0,5400.0
فيلا,الرياض, حي ظهرة لبن ,شمالية,6,2,5,20.0,200.0,1,1,0,0,0,0,0,0,0,0,1200000.0,6000.0
فيلا,الرياض, حي المهدية ,غربية,7,3,5,15.0,330.0,1,1,1,0,1,1,0,0,1,0,2400000.0,7272.727272727273
فيلا,الرياض, حي طويق ,جنوبية,5,2,5,20.0,400.0,0,1,1,1,0,1,0,0,0,0,880000.0,2200.0
فيلا,الرياض, حي المهدية ,جنوبية,5,3,5,25.0,225.0,1,1,1,0,0,1,0,0,1,0,1350000.0,6000.0
فيلا,الرياض, حي المهدية ,غربية,6,2,5,15.0,450.0,1,1,1,1,1,1,0,0,1,1,2600000.0,5777.777777777777
فيلا,الرياض, حي العريجاء الغربي ,شرقية,5,2,5,20.0,200.0,1,1,1,0,1,1,0,0,0,0,970000.0,4850.0
فيلا,الرياض, الرياض ,شمالية,5,3,5,20.0,200.0,1,1,1,0,1,1,0,0,1,0,980000.0,4900.0
فيلا,الرياض, حي العريجاء الوسطى ,غربية,5,3,5,16.0,400.0,1,1,0,0,1,1,0,0,1,0,1100000.0,2750.0
فيلا,الرياض, حي المهدية ,شرقية,7,2,5,20.0,525.0,1,1,1,1,0,1,0,0,1,1,3000000.0,5714.285714285715
فيلا,الرياض, الرياض ,شرقية,5,2,5,20.0,200.0,1,1,1,0,1,1,0,0,1,0,1020000.0,5100.0
فيلا,الرياض, حي العريجاء الغربي ,شرقية,5,3,5,20.0,200.0,1,1,1,0,1,1,0,0,1,0,970000.0,4850.0
فيلا,الرياض, حي المهدية ,غربية,3,2,5,20.0,200.0,1,1,1,0,0,1,0,0,1,0,1850000.0,9250.0
فيلا,الرياض, الرياض ,شمالية شرقية,6,3,5,25.0,312.0,1,1,1,0,1,1,0,0,1,1,1950000.0,6250.0
فيلا,الرياض, حي المهدية ,جنوبية شرقية,7,4,5,5.0,450.0,0,1,1,1,0,0,0,0,1,1,4400000.0,9777.777777777777
فيلا,الرياض, حي المهدية ,شمالية,6,2,5,20.0,200.0,1,1,1,0,1,1,0,0,1,1,1500000.0,7500.0
فيلا,الرياض, حي طويق ,جنوبية,5,3,5,30.0,300.0,1,1,0,0,0,0,1,0,1,0,1330000.0,4433.333333333333
فيلا,الرياض, حي العريجاء الغربية ,شرقية,5,3,5,15.0,200.0,1,1,1,0,1,1,0,0,1,0,900000.0,4500.0
فيلا,الرياض, حي المهدية ,شمالية,6,2,5,15.0,241.0,1,1,1,0,0,1,0,0,1,0,1500000.0,6224.066390041494
فيلا,الرياض, الرياض ,جنوبية,7,1,5,20.0,450.0,0,1,0,0,0,0,0,0,0,0,1000000.0,2222.222222222222
فيلا,الرياض, الرياض ,شمالية,6,3,5,20.0,345.0,1,1,1,1,1,1,0,0,1,1,2500000.0,7246.376811594203
فيلا,الرياض, حي طويق ,شرقية,4,2,5,20.0,290.0,0,1,0,0,1,1,0,0,1,0,300000.0,1034.4827586206898
فيلا,الرياض, حي السويدي الغربي ,شرقية,5,5,5,15.0,375.0,1,1,1,0,1,1,0,1,1,0,1440000.0,3840.0
فيلا,الرياض, حي السويدي الغربي ,شمالية,5,3,5,25.0,375.0,1,1,1,0,0,0,0,0,1,0,1600000.0,4266.666666666667
فيلا,الرياض, حي ظهرة البديعة ,جنوبية شرقية,4,2,5,15.0,200.0,1,1,1,1,1,1,0,0,1,0,1250000.0,6250.0
فيلا,الرياض, حي ظهرة البديعة ,جنوبية,6,3,5,15.0,275.0,1,1,1,1,1,1,0,0,1,1,1700000.0,6181.818181818182
فيلا,الرياض, حي المهدية ,شمالية,7,3,5,20.0,450.0,1,1,1,1,1,1,0,0,1,1,2700000.0,6000.0
فيلا,الرياض, حي المهدية ,شمالية,6,3,5,20.0,450.0,1,1,1,0,1,1,0,0,1,1,3300000.0,7333.333333333333
فيلا,الرياض, حي طويق ,شمالية,5,3,5,20.0,200.0,1,1,1,0,1,1,0,0,1,0,980000.0,4900.0
فيلا,الرياض, حي طويق ,غربية,7,2,5,15.0,375.0,1,1,1,0,0,1,0,0,1,0,1750000.0,4666.666666666667
فيلا,الرياض, الرياض ,غربية,5,3,5,20.0,200.0,1,1,1,0,0,1,0,0,1,1,1500000.0,7500.0
فيلا,الرياض, حي المهدية ,غربية,6,3,5,20.0,300.0,1,1,1,0,1,1,0,0,1,1,1600000.0,5333.333333333333
فيلا,الرياض, حي العريجاء الغربي ,شمالية,5,3,5,20.0,200.0,1,1,1,0,1,1,0,0,1,0,980000.0,4900.0
فيلا,الرياض, طريق الامير مساعد بن عبدالرحمن بن فيصل ,غربية,5,3,5,20.0,200.0,1,1,1,0,1,1,0,0,1,0,950000.0,4750.0
فيلا,الرياض, حي طويق ,غربية,5,3,5,15.0,350.0,1,1,1,0,1,1,0,0,1,0,1230000.0,3514.285714285714
فيلا,الرياض, حي طويق ,شرقية,5,3,5,20.0,280.0,1,1,1,0,1,1,0,0,1,0,1120000.0,4000.0
فيلا,الرياض, حي طويق ,جنوبية,6,2,5,15.0,200.0,1,1,1,0,1,1,0,0,1,0,900000.0,4500.0
فيلا,الرياض, حي طويق ,غربية,5,2,5,15.0,280.0,1,1,1,0,1,1,0,0,1,0,1120000.0,4000.0
فيلا,الرياض, الرياض ,جنوبية,5,1,5,20.0,200.0,1,1,1,0,0,1,0,0,1,1,1600000.0,8000.0
فيلا,الرياض, حي طويق ,شرقية,5,2,5,20.0,337.0,1,1,1,0,1,1,0,0,1,0,1200000.0,3560.8308605341244
فيلا,الرياض, حي ظهرة البديعة ,شرقية,6,2,5,20.0,775.0,1,1,1,1,1,1,0,0,1,0,1700000.0,2193.548387096774
فيلا,الرياض, حي طويق ,شرقية,5,3,5,20.0,350.0,1,1,1,0,1,1,0,0,1,0,1200000.0,3428.5714285714284
فيلا,الرياض, حي طويق ,غربية,7,3,5,20.0,260.0,0,1,0,0,0,1,0,0,0,0,1200000.0,4615.384615384615
فيلا,الرياض, حي الحزم ,شرقية,5,2,5,20.0,240.0,1,1,1,0,1,1,0,0,1,0,900000.0,3750.0
فيلا,الرياض, حي العريجاء الغربي ,جنوبية,5,2,5,20.0,200.0,1,1,1,0,1,1,0,0,1,0,870000.0,4350.0
فيلا,الرياض, حي المهدية ,شمالية,5,2,5,20.0,200.0,1,1,1,1,0,1,0,0,1,1,1300000.0,6500.0
فيلا,الرياض, حي المهدية ,شرقية,6,3,5,19.0,281.0,1,1,1,0,0,1,1,0,1,0,1750000.0,6227.758007117438
فيلا,الرياض, حي العريجاء الغربي ,جنوبية,4,2,5,21.0,200.0,1,1,1,0,1,1,0,0,1,0,870000.0,4350.0
فيلا,الرياض, حي العريجاء الغربي ,شمالية,5,3,5,20.0,200.0,1,1,0,0,1,1,0,0,1,0,900000.0,4500.0
فيلا,الرياض, الطريق الدائري الغربي ,جنوبية,5,2,5,20.0,200.0,1,1,1,0,1,1,0,0,1,0,870000.0,4350.0
فيلا,الرياض, الطريق الدائري الغربي ,شمالية,4,2,5,25.0,450.0,0,1,1,0,1,1,1,0,1,0,2600000.0,5777.777777777777
فيلا,الرياض, حي ظهرة البديعة ,شرقية,7,3,5,20.0,400.0,1,1,1,0,1,1,0,1,1,0,950000.0,2375.0
فيلا,الرياض, حي ظهرة البديعة ,شمالية,5,2,5,20.0,200.0,1,1,1,0,0,1,0,0,1,1,1500000.0,7500.0
فيلا,الرياض, حي ظهرة البديعة ,جنوبية,6,3,5,20.0,225.0,1,1,1,0,0,1,0,0,1,1,1550000.0,6888.888888888889
فيلا,الرياض, حي ظهرة البديعة ,جنوبية,5,3,5,20.0,250.0,1,1,1,0,0,1,0,0,1,1,1550000.0,6200.0
فيلا,الرياض, حي ظهرة البديعة ,جنوبية شرقية,6,2,5,20.0,234.0,1,1,1,0,0,1,0,0,1,1,1790000.0,7649.572649572649
فيلا,الرياض, حي المهدية ,غربية,5,2,5,15.0,225.0,1,1,1,0,0,1,0,0,0,0,1840000.0,8177.777777777777
فيلا,الرياض, حي المهدية ,جنوبية,5,4,5,20.0,250.0,1,1,1,0,0,1,0,0,1,1,1550000.0,6200.0
فيلا,الرياض, حي المهدية ,شمالية غربية,5,3,5,20.0,200.0,1,1,1,0,0,1,0,0,1,1,1500000.0,7500.0
فيلا,الرياض, حي الحزم ,شمالية غربية,3,2,5,15.0,220.0,1,1,1,0,1,0,0,0,1,0,1100000.0,5000.0
فيلا,الرياض, حي المهدية ,جنوبية,4,3,5,25.0,450.0,1,1,1,0,1,1,0,0,1,0,3100000.0,6888.888888888889
فيلا,الرياض, حي المهدية ,شمالية,7,3,5,18.0,234.0,1,1,1,0,0,1,0,0,1,1,1900000.0,8119.65811965812
فيلا,الرياض, الرياض ,شمالية,5,3,5,20.0,270.0,1,1,0,0,0,1,0,0,1,0,1000000.0,3703.703703703704
فيلا,الرياض, حي المهدية ,شمالية,5,1,5,25.0,450.0,1,1,1,1,1,1,0,0,1,1,2800000.0,6222.222222222223
فيلا,الرياض, حي المهدية ,شمالية,7,3,5,20.0,450.0,1,1,1,1,1,1,0,0,1,1,3000000.0,6666.666666666667
فيلا,الرياض, حي المهدية ,شمالية,6,4,5,20.0,375.0,1,1,1,0,1,1,0,0,1,1,2150000.0,5733.333333333333
فيلا,الرياض, حي المهدية ,شمالية,7,3,5,20.0,375.0,1,1,1,0,1,1,0,0,1,0,1300000.0,3466.6666666666665
فيلا,الرياض, حي طويق ,غربية,5,3,5,20.0,250.0,1,1,1,0,1,1,0,0,1,1,1850000.0,7400.0
فيلا,الرياض, حي نمار ,جنوبية غربية,5,2,5,15.0,313.0,1,1,1,0,1,1,0,0,1,0,1550000.0,4952.076677316294
فيلا,الرياض, حي المهدية ,جنوبية شرقية,6,3,5,20.0,225.0,1,1,1,0,0,1,0,0,1,1,1450000.0,6444.444444444444
فيلا,الرياض, حي المهدية ,شمالية,7,3,5,20.0,450.0,1,0,1,1,1,1,0,0,1,1,2450000.0,5444.444444444444
فيلا,الرياض, حي المهدية ,شمالية شرقية,7,2,5,20.0,450.0,1,1,1,0,1,1,0,0,1,0,1900000.0,4222.222222222223
فيلا,الرياض, حي الزهرة ,شمالية,7,3,5,20.0,625.0,1,1,1,1,1,1,0,0,1,1,1700000.0,2720.0
فيلا,الرياض, حي المهدية ,شرقية,4,0,1,0.0,900.0,0,0,0,0,0,0,0,0,0,0,4612500.0,5125.0
فيلا,الرياض, حي عكاظ ,جنوبية,7,2,5,0.0,900.0,0,0,1,1,1,1,0,0,1,0,2250000.0,2500.0
فيلا,الرياض, حي الدار البيضاء ,شرقية,5,1,5,5.0,360.0,1,1,1,0,1,1,0,0,1,1,1400000.0,3888.8888888888887
فيلا,الرياض, حي عكاظ ,شمالية,4,1,3,0.0,525.0,0,1,0,0,0,1,0,0,1,0,750000.0,1428.5714285714287
فيلا,الرياض, حي بدر ,شرقية,7,2,5,0.0,480.0,0,1,0,0,1,1,0,0,1,0,750000.0,1562.5
فيلا,الرياض, حي الدار البيضاء ,شرقية,5,2,3,15.0,360.0,0,1,0,0,1,1,0,0,1,0,1400000.0,3888.8888888888887
فيلا,الرياض, الرياض ,غربية,4,1,4,5.0,218.0,0,1,0,0,0,0,0,0,1,0,750000.0,3440.3669724770643
فيلا,الرياض, حي بدر ,شمالية,4,2,4,0.0,225.0,0,0,0,0,1,1,0,0,1,0,750000.0,3333.3333333333335
فيلا,الرياض, حي الشفا ,غربية,5,1,5,0.0,218.0,1,1,1,0,0,1,0,0,1,0,750000.0,3440.3669724770643
فيلا,الرياض, حي بدر ,جنوبية,7,3,5,0.0,500.0,0,1,1,0,1,1,0,0,1,0,1500000.0,3000.0
فيلا,الرياض, حي بدر ,شرقية,4,2,4,0.0,260.0,1,0,0,0,0,0,0,0,0,0,950000.0,3653.846153846154
فيلا,الرياض, حي بدر ,شمالية,5,5,5,0.0,225.0,0,0,0,0,0,1,0,0,1,0,750000.0,3333.3333333333335
فيلا,الرياض, حي عكاظ ,جنوبية,4,2,4,0.0,250.0,1,1,1,1,1,1,0,0,1,0,900000.0,3600.0
فيلا,الرياض, حي طيبة ,جنوبية,5,2,5,5.0,351.0,1,0,1,1,0,1,0,0,1,1,1400000.0,3988.6039886039885
فيلا,الرياض, حي عكاظ ,شرقية,6,3,4,0.0,290.0,1,0,1,0,0,1,0,0,1,1,1100000.0,3793.103448275862
فيلا,الرياض, حي الدار البيضاء ,جنوبية شرقية,5,3,5,0.0,312.0,0,1,1,1,1,1,0,0,1,0,1150000.0,3685.897435897436
فيلا,الرياض, حي الشفا ,غربية,5,1,5,0.0,218.0,1,1,0,0,0,1,0,0,1,0,750000.0,3440.3669724770643
فيلا,الرياض, حي بدر ,غربية,5,3,5,0.0,250.0,1,0,0,0,0,1,0,0,1,0,850000.0,3400.0
فيلا,الرياض, حي بدر ,غربية,5,0,5,0.0,250.0,1,1,0,0,0,0,0,0,0,0,850000.0,3400.0
فيلا,الرياض, حي الشفا ,شمالية,6,1,5,0.0,450.0,1,1,1,0,1,1,0,0,1,0,850000.0,1888.888888888889
فيلا,الرياض, حي بدر ,شرقية,7,2,5,0.0,780.0,0,1,0,0,1,1,0,0,1,0,1200000.0,1538.4615384615386
فيلا,الرياض, حي عكاظ ,شرقية,6,3,5,0.0,420.0,0,1,1,1,1,0,0,0,1,0,1400000.0,3333.3333333333335
فيلا,الرياض, حي بدر ,شرقية,6,1,5,0.0,312.0,1,0,1,1,1,0,0,0,1,0,1200000.0,3846.153846153846
فيلا,الرياض, حي بدر ,جنوبية غربية,7,2,5,0.0,280.0,0,0,0,0,0,0,0,0,0,0,1280000.0,4571.428571428572
فيلا,الرياض, حي الشفا ,غربية,7,2,5,0.0,312.0,0,1,1,0,1,1,1,0,1,0,1400000.0,4487.179487179487
فيلا,الرياض, حي عكاظ ,جنوبية,5,2,5,0.0,228.0,1,1,1,0,0,0,0,0,1,0,850000.0,3728.0701754385964
فيلا,الرياض, حي الشفا ,شرقية,7,2,4,0.0,612.0,0,1,1,1,1,1,0,0,1,0,1200000.0,1960.7843137254902
فيلا,الرياض, حي عكاظ ,غربية,7,3,4,0.0,324.0,1,0,0,0,0,0,1,0,0,1,1350000.0,4166.666666666667
فيلا,الرياض, حي العزيزية ,شمالية شرقية,7,2,5,0.0,225.0,1,1,1,0,1,0,0,0,1,0,1100000.0,4888.888888888889
فيلا,الرياض, حي الشفا ,شرقية,7,1,5,0.0,400.0,0,1,0,0,0,1,0,0,1,0,720000.0,1800.0
فيلا,الرياض, حي الدار البيضاء ,شمالية,4,1,2,0.0,250.0,0,1,0,0,0,1,0,0,1,0,920000.0,3680.0
فيلا,الرياض, حي المناخ ,جنوبية,4,1,3,5.0,312.0,0,1,0,0,1,1,0,0,1,0,870000.0,2788.4615384615386
فيلا,الرياض, حي العزيزية ,جنوبية شرقية,5,5,5,20.0,200.0,0,0,0,0,0,1,0,0,1,0,1050000.0,5250.0
فيلا,الرياض, حي الدار البيضاء ,شرقية,5,1,1,15.0,375.0,0,0,0,0,0,0,0,0,0,0,1300000.0,3466.6666666666665
فيلا,الرياض, حي بدر ,شرقية,4,1,4,15.0,303.0,0,1,0,0,1,1,0,0,1,0,640000.0,2112.2112211221124
فيلا,الرياض, الرياض ,شرقية,5,1,3,15.0,390.0,0,1,0,0,0,1,0,0,1,0,850000.0,2179.4871794871797
فيلا,الرياض, حي بدر ,غربية,7,2,5,5.0,350.0,1,1,1,0,1,1,0,0,1,1,1150000.0,3285.714285714286
فيلا,الرياض, حي احد ,شرقية,7,2,4,15.0,375.0,1,1,0,0,1,1,0,0,1,0,1200000.0,3200.0
فيلا,الرياض, الرياض ,شرقية,3,1,3,20.0,274.0,1,1,0,0,0,0,0,0,0,0,800000.0,2919.70802919708
فيلا,الرياض, حي بدر ,جنوبية,7,2,5,20.0,300.0,1,1,1,0,1,1,0,0,1,0,990000.0,3300.0
فيلا,الرياض, الرياض ,شمالية شرقية,7,0,4,20.0,455.0,1,1,0,0,0,0,0,0,0,0,1600000.0,3516.4835164835163
فيلا,الرياض, حي الاسكان ,جنوبية,7,2,5,0.0,300.0,1,1,0,1,1,1,0,1,1,0,1100000.0,3666.6666666666665
فيلا,الرياض, حي بدر ,شرقية,5,3,5,15.0,300.0,1,1,1,0,0,0,0,0,0,0,950000.0,3166.6666666666665
فيلا,الرياض, حي بدر ,جنوبية,4,2,5,20.0,245.0,1,1,1,0,1,1,0,0,1,0,1000000.0,4081.6326530612246
فيلا,الرياض, حي بدر ,جنوبية,5,3,5,15.0,250.0,1,1,1,0,0,1,0,0,1,0,830000.0,3320.0
فيلا,الرياض, حي عكاظ ,شمالية,5,1,5,20.0,450.0,1,1,0,0,1,1,0,0,1,1,2350000.0,5222.222222222223
فيلا,الرياض, حي العزيزية ,شمالية شرقية,7,3,5,20.0,775.0,0,1,0,0,1,1,0,0,1,0,1700000.0,2193.548387096774
فيلا,الرياض, حي بدر ,غربية,5,3,5,15.0,200.0,1,1,1,0,1,1,0,0,1,0,780000.0,3900.0
فيلا,الرياض, حي بدر ,جنوبية غربية,7,1,5,15.0,230.0,1,1,0,0,1,1,0,0,1,0,980000.0,4260.869565217391
فيلا,الرياض, الرياض ,غربية,5,2,5,15.0,274.0,1,1,1,0,1,1,0,0,1,0,820000.0,2992.700729927007
فيلا,الرياض, حي بدر ,شمالية,3,1,3,20.0,375.0,0,1,0,0,0,0,0,0,1,0,770000.0,2053.3333333333335
فيلا,الرياض, حي بدر ,شمالية,3,1,4,20.0,375.0,0,1,0,0,0,0,0,0,1,0,770000.0,2053.3333333333335
فيلا,الرياض, حي بدر ,جنوبية,5,3,5,18.0,303.0,1,1,1,0,1,1,0,0,1,0,900000.0,2970.29702970297
فيلا,الرياض, حي بدر ,شمالية شرقية,6,3,5,15.0,309.0,1,1,1,0,1,1,0,0,1,1,1080000.0,3495.145631067961
فيلا,الرياض, حي بدر ,شرقية,7,3,5,15.0,527.0,1,1,1,0,1,1,0,0,1,1,1680000.0,3187.855787476281
فيلا,الرياض, حي الدار البيضاء ,شمالية,5,1,5,15.0,218.0,1,1,0,0,0,1,0,0,1,0,750000.0,3440.3669724770643
فيلا,الرياض, حي بدر ,غربية,6,3,5,20.0,300.0,1,1,1,0,1,1,0,0,1,1,1050000.0,3500.0
فيلا,الرياض, حي بدر ,شمالية شرقية,5,2,5,18.0,328.0,1,1,1,0,1,1,0,0,1,0,1035000.0,3155.487804878049
فيلا,الرياض, حي الشفا ,جنوبية,7,5,5,16.0,875.0,1,1,1,0,1,1,0,0,1,0,1850000.0,2114.285714285714
فيلا,الرياض, الرياض ,شرقية,5,2,5,15.0,271.0,1,1,1,0,1,1,0,0,1,0,830000.0,3062.730627306273
فيلا,الرياض, حي عكاظ ,شرقية,7,3,5,5.0,320.0,1,1,1,0,1,1,0,0,1,0,1200000.0,3750.0
فيلا,الرياض, الرياض ,غربية,5,2,5,15.0,259.0,1,1,1,0,1,1,0,0,1,0,820000.0,3166.023166023166
فيلا,الرياض, الرياض ,غربية,5,2,5,15.0,276.0,1,1,1,0,1,1,0,0,1,0,830000.0,3007.246376811594
فيلا,الرياض, حي بدر ,شمالية,5,2,5,15.0,262.0,1,1,1,0,1,1,0,0,1,0,850000.0,3244.2748091603053
فيلا,الرياض, حي عكاظ ,جنوبية,5,3,5,25.0,325.0,1,1,1,0,1,1,1,0,1,0,950000.0,2923.076923076923
فيلا,الرياض, حي بدر ,شمالية,5,2,5,20.0,225.0,1,1,1,0,1,1,0,0,1,0,845000.0,3755.5555555555557
فيلا,الرياض, حي طيبة ,غربية,5,2,5,15.0,276.0,1,1,1,0,1,1,0,0,1,0,830000.0,3007.246376811594
فيلا,الرياض, حي بدر ,شمالية غربية,5,2,5,15.0,286.0,1,1,1,0,1,1,0,0,1,0,940000.0,3286.713286713287
فيلا,الرياض, الرياض ,شرقية,5,2,5,15.0,271.0,1,1,1,0,1,1,0,0,1,0,825000.0,3044.280442804428
فيلا,الرياض, حي بدر ,شرقية,5,2,5,20.0,250.0,1,1,1,0,1,1,0,0,1,0,840000.0,3360.0
فيلا,الرياض, حي بدر ,شمالية,5,2,5,15.0,269.0,1,1,1,0,1,1,0,0,1,0,940000.0,3494.4237918215613
فيلا,الرياض, حي بدر ,جنوبية,5,2,5,18.0,304.0,1,1,1,0,1,1,0,0,1,0,950000.0,3125.0
فيلا,الرياض, حي عكاظ ,جنوبية,3,1,4,15.0,300.0,0,1,0,0,0,1,0,0,1,0,800000.0,2666.6666666666665
فيلا,الرياض, حي بدر ,شرقية,5,3,5,20.0,303.0,1,1,1,0,1,1,0,0,1,0,850000.0,2805.2805280528055
فيلا,الرياض, حي بدر ,جنوبية,6,3,5,18.0,300.0,1,1,1,0,0,1,0,0,1,0,850000.0,2833.3333333333335
فيلا,الرياض, حي عكاظ ,شرقية,5,2,5,21.0,300.0,1,1,1,0,1,1,0,0,1,0,880000.0,2933.3333333333335
فيلا,الرياض, حي بدر ,جنوبية,5,3,5,18.0,303.0,1,1,1,0,1,1,0,0,1,0,850000.0,2805.2805280528055
فيلا,الرياض, حي بدر ,شرقية,5,2,5,20.0,210.0,1,1,1,0,1,1,0,0,1,0,780000.0,3714.285714285714
فيلا,الرياض, حي بدر ,شرقية,5,2,5,20.0,216.0,1,1,1,0,0,1,0,0,1,0,830000.0,3842.5925925925926
فيلا,الرياض, حي بدر ,شمالية,5,2,5,20.0,250.0,1,1,1,0,1,1,0,0,1,0,850000.0,3400.0
فيلا,الرياض, حي بدر ,جنوبية,5,2,5,20.0,320.0,1,1,1,0,1,1,0,0,1,0,1000000.0,3125.0
فيلا,الرياض, حي بدر ,شمالية,5,3,5,20.0,320.0,1,1,1,0,1,1,0,0,1,0,950000.0,2968.75
فيلا,الرياض, حي بدر ,شرقية,5,3,5,30.0,275.0,1,1,1,0,1,1,0,0,1,0,870000.0,3163.6363636363635
فيلا,الرياض, حي عكاظ ,شمالية,5,2,5,20.0,300.0,1,1,1,0,1,1,0,0,1,0,880000.0,2933.3333333333335
فيلا,الرياض, حي عكاظ ,شمالية,5,3,5,20.0,360.0,1,1,1,0,1,1,0,0,1,0,1000000.0,2777.777777777778
فيلا,الرياض, حي الدار البيضاء ,شمالية,5,2,5,20.0,246.0,1,1,1,0,1,1,0,0,1,0,825000.0,3353.6585365853657
فيلا,الرياض, حي طيبة ,شمالية غربية,5,2,5,20.0,269.0,1,1,1,0,0,1,0,0,0,0,850000.0,3159.8513011152418
فيلا,الرياض, حي عكاظ ,شرقية,7,3,5,15.0,375.0,0,1,1,0,1,1,0,0,1,0,1500000.0,4000.0
فيلا,الرياض, الرياض ,جنوبية,6,3,5,5.0,265.0,1,1,1,1,0,1,0,0,1,0,1200000.0,4528.301886792453
فيلا,الرياض, حي عكاظ ,شرقية,7,3,5,20.0,360.0,1,1,1,0,1,1,0,0,1,0,1450000.0,4027.777777777778
فيلا,الرياض, حي الدار البيضاء ,شمالية,4,1,3,20.0,250.0,0,1,0,0,0,0,0,0,0,0,525000.0,2100.0
فيلا,الرياض, حي الدار البيضاء ,غربية,7,2,5,15.0,500.0,1,1,1,0,1,1,0,0,1,0,1200000.0,2400.0
فيلا,الرياض, حي الشفا ,شمالية,5,4,5,18.0,300.0,1,1,1,0,1,1,0,0,1,0,1200000.0,4000.0
فيلا,الرياض, حي الشفا ,ثلاث شوارع,7,2,5,0.0,270.0,1,1,1,1,0,0,0,0,1,0,1000000.0,3703.703703703704
فيلا,الرياض, حي العزيزية ,جنوبية,7,3,5,20.0,608.0,1,1,1,0,1,1,0,0,1,0,1700000.0,2796.0526315789475
فيلا,الرياض, حي الدار البيضاء ,شمالية,5,5,5,15.0,250.0,0,1,1,0,0,1,0,0,1,0,850000.0,3400.0
فيلا,الرياض, حي احد ,جنوبية,4,1,4,0.0,25.0,1,1,0,0,0,0,0,0,0,0,880000.0,35200.0
فيلا,الرياض, حي عكاظ ,جنوبية,7,3,4,0.0,300.0,0,1,0,0,0,0,0,0,1,0,1300000.0,4333.333333333333
فيلا,الرياض, حي الدار البيضاء ,شمالية,7,2,5,20.0,220.0,1,0,1,1,1,1,0,0,1,0,950000.0,4318.181818181818
فيلا,الرياض, حي جرير ,شرقية,7,1,4,0.0,400.0,0,1,1,0,1,1,0,0,1,0,1300000.0,3250.0
فيلا,الرياض, حي الربوة ,شمالية,5,3,5,0.0,336.0,0,1,0,0,1,1,0,0,0,0,1390000.0,4136.9047619047615
فيلا,الرياض, حي الربوة ,شمالية,5,1,3,12.0,274.0,0,1,1,0,0,0,0,0,1,0,1150000.0,4197.080291970803
فيلا,الرياض, حي الفاروق ,جنوبية,4,1,4,16.0,756.0,1,1,0,0,0,0,0,0,0,0,3300000.0,4365.079365079365
فيلا,الرياض, حي الربوة ,ثلاث شوارع,7,2,5,12.0,868.0,1,1,1,1,1,1,0,0,1,0,4000000.0,4608.294930875576
فيلا,الرياض, حي الربوة ,شمالية,4,2,4,20.0,1601.0,1,1,1,1,1,1,1,0,1,0,6564100.0,4100.0
فيلا,الرياض, حي الخالدية ,شمالية شرقية,5,2,5,15.0,480.0,0,1,0,0,0,0,0,0,0,0,1200000.0,2500.0
فيلا,الرياض, حي الزهراء ,شرقية,7,3,5,10.0,542.0,0,1,1,1,0,1,0,0,0,0,2100000.0,3874.5387453874537
فيلا,الرياض, حي الرمال ,شمالية,7,2,5,20.0,281.0,1,1,1,1,1,1,0,0,1,0,1350000.0,4804.270462633452
فيلا,الرياض, حي النسيم الغربي ,ثلاث شوارع,7,4,5,0.0,765.0,1,1,0,0,0,1,0,0,0,0,2750000.0,3594.7712418300653
فيلا,الرياض, حي المونسية ,جنوبية,6,4,5,0.0,262.0,1,1,1,1,0,1,0,0,1,0,2000000.0,7633.587786259542
فيلا,الرياض, حي النظيم ,جنوبية شرقية,6,2,4,15.0,420.0,1,1,1,1,1,1,0,0,1,0,2300000.0,5476.190476190476
فيلا,الرياض, حي الرمال ,غربية,7,3,5,18.0,300.0,1,1,1,0,0,1,0,0,1,0,1500000.0,5000.0
فيلا,الرياض, الرياض ,جنوبية شرقية,5,3,4,0.0,247.0,1,1,1,0,1,1,0,0,1,1,1500000.0,6072.8744939271255
فيلا,الرياض, الرياض ,جنوبية,0,0,0,0.0,321.0,0,0,0,0,0,0,0,0,0,0,3150000.0,9813.084112149532
فيلا,الرياض, حي الرمال ,شمالية,0,0,0,0.0,281.0,0,0,0,0,0,0,0,0,0,0,1400000.0,4982.20640569395
فيلا,الرياض, حي الخليج ,شرقية,5,1,5,0.0,375.0,0,1,0,0,1,1,0,0,0,0,2200000.0,5866.666666666667
فيلا,الرياض, حي المونسية ,شرقية,5,3,4,0.0,308.0,1,0,1,0,1,1,0,0,1,1,2650000.0,8603.896103896104
فيلا,الرياض, حي الحمراء ,شرقية,7,2,5,0.0,618.0,1,1,1,1,1,1,1,0,1,1,4500000.0,7281.553398058252
فيلا,الرياض, شارع جبل مره ,جنوبية,7,3,5,0.0,450.0,0,1,1,1,0,1,0,0,1,0,2600000.0,5777.777777777777
فيلا,الرياض, شارع جبل مره ,شرقية,5,2,4,0.0,750.0,1,0,1,1,0,1,0,0,1,1,4500000.0,6000.0
فيلا,الرياض, حي الرمال ,جنوبية,0,0,0,0.0,355.0,0,0,0,0,0,0,0,0,0,0,2400000.0,6760.56338028169
فيلا,الرياض, الرياض ,غربية,0,0,0,0.0,363.0,0,0,0,0,0,0,0,0,0,0,1700000.0,4683.195592286502
فيلا,الرياض, حي المونسية ,جنوبية,6,2,4,0.0,319.0,1,1,1,1,1,1,0,0,1,1,3150000.0,9874.60815047022
فيلا,الرياض, الرياض ,شرقية,0,0,0,0.0,495.0,0,0,0,0,0,0,0,0,0,0,3500000.0,7070.707070707071
فيلا,الرياض, حي الشرق ,جنوبية,0,0,0,0.0,320.0,0,0,0,0,0,0,0,0,0,0,1550000.0,4843.75
فيلا,الرياض, حي المونسية ,شمالية,5,5,5,0.0,312.0,1,1,1,0,1,1,0,0,1,1,2300000.0,7371.794871794872
فيلا,الرياض, الرياض ,غربية,0,0,0,0.0,375.0,0,0,0,0,0,0,0,0,0,0,2000000.0,5333.333333333333
فيلا,الرياض, حي المونسية ,جنوبية,5,3,5,18.0,250.0,1,1,1,1,1,1,0,0,1,1,1900000.0,7600.0
فيلا,الرياض, حي السعادة ,جنوبية غربية,0,0,0,0.0,625.0,0,0,0,0,0,0,0,0,0,0,2200000.0,3520.0
فيلا,الرياض, حي الحمراء ,جنوبية,5,2,5,0.0,618.0,1,1,1,1,1,1,0,0,1,1,5700000.0,9223.300970873786
فيلا,الرياض, الرياض ,غربية,5,5,5,0.0,300.0,1,0,1,0,1,1,0,0,1,1,2350000.0,7833.333333333333
فيلا,الرياض, حي المونسية ,جنوبية,7,4,5,0.0,220.0,1,1,1,1,0,1,0,0,1,0,1450000.0,6590.909090909091
فيلا,الرياض, حي المونسية ,غربية,7,2,5,20.0,266.0,1,1,1,0,0,1,0,0,1,0,1480000.0,5563.909774436091
فيلا,الرياض, حي البيان ,شمالية,5,2,4,0.0,363.0,1,1,0,0,1,1,0,0,1,0,1600000.0,4407.713498622589
فيلا,الرياض, حي اشبيلية ,شمالية,0,0,0,0.0,500.0,0,0,0,0,0,0,0,0,0,0,3000000.0,6000.0
فيلا,الرياض, حي الجنادرية ,شرقية,7,2,5,15.0,200.0,1,1,0,0,0,0,0,0,1,0,1050000.0,5250.0
فيلا,الرياض, حي الفيحاء ,شرقية,0,0,0,0.0,480.0,0,0,0,0,0,0,0,0,0,0,2000000.0,4166.666666666667
فيلا,الرياض, حي الرمال ,جنوبية,5,3,5,0.0,300.0,1,1,1,0,1,0,0,0,1,0,1700000.0,5666.666666666667
فيلا,الرياض, حي القادسية ,شرقية,0,0,0,0.0,252.0,0,0,0,0,0,0,0,0,0,0,1590000.0,6309.523809523809
فيلا,الرياض, الرياض ,شرقية,5,2,5,0.0,250.0,1,1,1,0,0,1,0,0,1,0,2050000.0,8200.0
فيلا,الرياض, حي الرمال ,شمالية,3,1,5,0.0,225.0,1,1,0,1,0,1,0,0,1,0,2350000.0,10444.444444444445
فيلا,الرياض, حي الفيحاء ,جنوبية شرقية,7,4,5,0.0,337.0,0,0,0,0,0,1,0,0,1,0,2000000.0,5934.718100890208
فيلا,الرياض, حي القدس ,شمالية,5,5,5,0.0,900.0,1,1,0,0,1,1,1,0,1,0,4700000.0,5222.222222222223
فيلا,الرياض, حي اليرموك ,غربية,5,2,5,0.0,225.0,0,1,0,0,0,1,0,0,0,0,1350000.0,6000.0
فيلا,الرياض, حي الرمال ,جنوبية,7,2,5,15.0,312.0,1,1,1,0,1,1,0,0,1,0,1600000.0,5128.205128205128
فيلا,الرياض, حي الرمال ,غربية,7,3,5,18.0,300.0,1,1,1,0,1,1,0,0,1,0,1600000.0,5333.333333333333
فيلا,الرياض, حي المونسية ,شمالية,7,4,5,0.0,312.0,1,1,1,0,1,1,0,0,1,1,2450000.0,7852.5641025641025
فيلا,الرياض, حي الرمال ,غربية,7,3,5,18.0,300.0,1,1,1,0,0,1,0,0,1,0,1500000.0,5000.0
فيلا,الرياض, حي الخليج ,شرقية,5,1,5,0.0,375.0,0,1,0,0,1,1,0,0,0,0,2200000.0,5866.666666666667
فيلا,الرياض, حي المونسية ,شرقية,5,3,4,0.0,308.0,1,0,1,0,1,1,0,0,1,1,2650000.0,8603.896103896104
فيلا,الرياض, حي المونسية ,غربية,0,0,0,0.0,284.0,0,0,0,0,0,0,0,0,0,0,1400000.0,4929.577464788732
فيلا,الرياض, حي قرطبة ,جنوبية,1,0,3,0.0,360.0,0,1,1,1,0,0,0,0,1,0,2500000.0,6944.444444444444
فيلا,الرياض, حي الرمال ,جنوبية,4,2,5,0.0,338.0,0,1,1,1,1,1,0,0,1,0,1270000.0,3757.396449704142
فيلا,الرياض, شارع جبل مره ,جنوبية,7,3,5,0.0,450.0,0,1,1,1,0,1,0,0,1,0,2600000.0,5777.777777777777
فيلا,الرياض, شارع جبل مره ,شرقية,5,2,4,0.0,750.0,1,0,1,1,0,1,0,0,1,1,4500000.0,6000.0
فيلا,الرياض, حي الرمال ,جنوبية,0,0,0,0.0,355.0,0,0,0,0,0,0,0,0,0,0,2400000.0,6760.56338028169
فيلا,الرياض, حي المونسية ,جنوبية,6,2,4,0.0,319.0,1,1,1,1,1,1,0,0,1,1,3150000.0,9874.60815047022
فيلا,الرياض, حي القادسية ,شمالية شرقية,7,5,5,15.0,850.0,1,1,1,1,1,1,1,0,1,1,6500000.0,7647.058823529412
فيلا,الرياض, الرياض ,جنوبية,6,3,5,0.0,250.0,1,1,0,0,1,1,0,0,1,0,1470000.0,5880.0
فيلا,الرياض, الرياض ,شرقية,0,0,0,0.0,495.0,0,0,0,0,0,0,0,0,0,0,3500000.0,7070.707070707071
فيلا,الرياض, حي النهضة ,شمالية,7,5,5,0.0,495.0,1,1,0,0,0,1,0,0,0,0,2200000.0,4444.444444444444
فيلا,الرياض, حي اشبيلية ,شرقية,5,1,5,0.0,388.0,1,1,1,1,0,1,0,0,1,0,2200000.0,5670.103092783505
فيلا,الرياض, حي القادسية ,شمالية شرقية,7,5,5,15.0,850.0,1,1,1,1,1,1,1,0,1,1,6500000.0,7647.058823529412
فيلا,الرياض, حي المونسية ,غربية,0,0,0,0.0,284.0,0,0,0,0,0,0,0,0,0,0,1400000.0,4929.577464788732
فيلا,الرياض, حي قرطبة ,جنوبية,1,0,3,0.0,360.0,0,1,1,1,0,0,0,0,1,0,2500000.0,6944.444444444444
فيلا,الرياض, حي قرطبة ,جنوبية,5,2,5,15.0,360.0,0,1,0,0,0,0,0,0,0,0,2500000.0,6944.444444444444
فيلا,الرياض, الرياض ,شمالية غربية,7,2,4,15.0,274.0,1,1,0,0,0,1,0,0,1,0,1300000.0,4744.525547445255
فيلا,الرياض, حي السعادة ,جنوبية,3,1,5,0.0,250.0,1,1,1,1,1,1,0,0,1,0,1700000.0,6800.0
فيلا,الرياض, حي الجنادرية ,غربية,7,3,5,0.0,312.0,0,0,0,0,0,1,0,0,1,0,1450000.0,4647.4358974358975
فيلا,الرياض, حي الرمال ,شمالية,7,1,5,0.0,281.0,0,0,0,0,0,0,0,0,0,0,1400000.0,4982.20640569395
فيلا,الرياض, الرياض ,غربية,6,2,5,0.0,305.0,1,0,1,0,1,0,0,0,1,1,1650000.0,5409.836065573771
فيلا,الرياض, حي الجنادرية ,شمالية,4,1,4,0.0,375.0,0,1,0,0,0,1,0,0,1,0,1200000.0,3200.0
فيلا,الرياض, حي قرطبة ,شمالية,7,3,5,15.0,350.0,0,1,1,1,1,1,0,0,1,0,3500000.0,10000.0
فيلا,الرياض, حي اليرموك ,شمالية,5,2,5,0.0,312.0,1,1,1,1,1,1,0,0,1,1,2450000.0,7852.5641025641025
فيلا,الرياض, حي المونسية ,غربية,5,2,5,0.0,300.0,1,1,1,0,1,1,0,0,1,1,2300000.0,7666.666666666667
فيلا,الرياض, الرياض ,جنوبية,0,0,0,0.0,321.0,0,0,0,0,0,0,0,0,0,0,3150000.0,9813.084112149532
فيلا,الرياض, حي القدس ,شمالية,6,3,5,0.0,270.0,1,0,1,0,0,1,0,0,1,0,2800000.0,10370.37037037037
فيلا,الرياض, حي الروضة ,غربية,5,2,5,0.0,355.0,0,0,0,0,0,0,0,0,0,0,2600000.0,7323.943661971831
فيلا,الرياض, حي قرطبة ,شمالية,7,3,5,15.0,350.0,0,1,1,1,1,1,0,0,1,0,3500000.0,10000.0
فيلا,الرياض, حي البيان ,جنوبية شرقية,0,0,0,0.0,750.0,0,0,0,0,0,0,0,0,0,0,3800000.0,5066.666666666667
فيلا,الرياض, حي النهضة ,شمالية,0,0,0,0.0,360.0,0,0,0,0,0,0,0,0,0,0,2150000.0,5972.222222222223
فيلا,الرياض, حي الشرق ,جنوبية,0,0,0,0.0,320.0,0,0,0,0,0,0,0,0,0,0,1600000.0,5000.0
فيلا,الرياض, حي السعادة ,شرقية,7,5,5,21.0,325.0,1,1,1,0,1,1,0,0,1,0,1700000.0,5230.7692307692305
فيلا,الرياض, حي قرطبة ,شمالية,4,2,5,0.0,339.0,1,1,1,0,0,1,0,0,1,0,2450000.0,7227.138643067847
فيلا,الرياض, حي الرمال ,جنوبية شرقية,6,5,5,0.0,555.0,1,1,1,1,1,1,0,0,1,0,3850000.0,6936.936936936937
فيلا,الرياض, حي الحمراء ,شرقية,7,3,5,25.0,618.0,1,1,1,1,1,1,1,0,1,0,4300000.0,6957.928802588996
فيلا,الرياض, حي المونسية ,شمالية,5,2,5,0.0,400.0,1,1,1,1,0,1,0,0,1,0,2850000.0,7125.0
فيلا,الرياض, حي الملك عبدالعزيز ,جنوبية شرقية,4,2,5,0.0,360.0,0,0,1,1,0,1,0,0,0,0,2900000.0,8055.555555555556
فيلا,الرياض, حي الرمال ,جنوبية,0,0,0,0.0,292.0,0,0,0,0,0,0,0,0,0,0,1850000.0,6335.6164383561645
فيلا,الرياض, حي المونسية ,غربية,4,2,5,0.0,300.0,1,1,1,0,1,1,0,0,1,1,2200000.0,7333.333333333333
فيلا,الرياض, حي الروابي ,غربية,0,0,0,0.0,403.0,0,0,0,0,0,0,0,0,0,0,2300000.0,5707.196029776675
فيلا,الرياض, حي الحمراء ,جنوبية,7,3,5,0.0,618.0,1,1,1,1,1,1,0,0,1,1,5700000.0,9223.300970873786
فيلا,الرياض, حي المونسية ,شمالية,4,3,4,0.0,270.0,1,1,1,1,1,1,0,0,1,0,1950000.0,7222.222222222223
فيلا,الرياض, الرياض ,جنوبية,5,3,5,0.0,345.0,0,1,1,0,0,0,0,0,1,0,2500000.0,7246.376811594203
فيلا,الرياض, حي قرطبة ,شمالية,5,2,5,0.0,225.0,1,1,1,0,1,1,0,0,1,0,2350000.0,10444.444444444445
فيلا,الرياض, حي الروضة ,جنوبية,0,0,0,0.0,277.0,0,0,0,0,0,0,0,0,0,0,1600000.0,5776.173285198556
فيلا,الرياض, حي المونسية ,شمالية,4,3,4,0.0,270.0,1,1,1,1,1,1,0,0,1,0,1950000.0,7222.222222222223
فيلا,الرياض, حي قرطبة ,شمالية,5,2,5,0.0,225.0,1,1,1,0,1,1,0,0,1,0,2350000.0,10444.444444444445
فيلا,الرياض, حي النهضة ,شرقية,5,4,5,0.0,360.0,1,1,1,0,0,1,0,0,1,0,2000000.0,5555.555555555556
فيلا,الرياض, حي اشبيلية ,جنوبية,3,3,3,0.0,375.0,0,1,0,1,1,0,0,0,1,0,2200000.0,5866.666666666667
فيلا,الرياض, الرياض ,شرقية,4,4,5,0.0,360.0,1,1,1,1,1,0,0,0,0,0,2000000.0,5555.555555555556
فيلا,الرياض, حي النهضة ,شرقية,5,2,5,0.0,510.0,0,1,1,1,1,0,0,0,1,0,3000000.0,5882.35294117647
فيلا,الرياض, حي السعادة ,شمالية غربية,4,2,5,15.0,250.0,1,1,1,0,1,0,0,0,1,0,1600000.0,6400.0
فيلا,الرياض, حي القادسية ,شرقية,0,0,0,0.0,252.0,0,0,0,0,0,0,0,0,0,0,1590000.0,6309.523809523809
فيلا,الرياض, ,جنوبية,5,2,5,0.0,250.0,0,1,1,0,1,1,0,0,1,0,1470000.0,5880.0
فيلا,الرياض, حي القادسية ,غربية,5,2,5,0.0,275.0,1,1,1,0,0,1,0,0,1,0,1580000.0,5745.454545454545
فيلا,الرياض, حي اشبيلية ,شمالية,0,0,0,0.0,500.0,0,0,0,0,0,0,0,0,0,0,3000000.0,6000.0
فيلا,الرياض, حي قرطبة ,غربية,0,0,0,0.0,288.0,0,0,0,0,0,0,0,0,0,0,3300000.0,11458.333333333334
فيلا,الرياض, حي النهضة ,جنوبية,4,3,4,20.0,375.0,1,1,1,0,0,0,0,0,1,1,2150000.0,5733.333333333333
فيلا,الرياض, حي الندوة ,جنوبية,5,1,4,15.0,375.0,0,1,0,0,0,1,0,0,1,0,1050000.0,2800.0
فيلا,الرياض, حي المونسية ,شرقية,0,0,0,0.0,308.0,0,0,0,0,0,0,0,0,0,0,2650000.0,8603.896103896104
فيلا,الرياض, حي اشبيلية ,جنوبية,5,3,5,5.0,375.0,1,1,1,1,1,1,0,0,1,0,2100000.0,5600.0
فيلا,الرياض, حي المعيزيلة ,شمالية,0,0,0,0.0,270.0,0,0,0,0,0,0,0,0,0,0,1550000.0,5740.740740740741
فيلا,الرياض, حي القادسية ,غربية,5,2,5,0.0,275.0,1,1,1,0,0,1,0,0,1,0,1580000.0,5745.454545454545
فيلا,الرياض, حي القادسية ,شمالية شرقية,5,2,5,15.0,750.0,1,1,1,1,1,1,0,0,1,0,6500000.0,8666.666666666666
فيلا,الرياض, حي الرمال ,جنوبية,0,0,0,0.0,328.0,0,0,0,0,0,0,0,0,0,0,1550000.0,4725.609756097561
فيلا,الرياض, حي المونسية ,شرقية,0,0,0,0.0,308.0,0,0,0,0,0,0,0,0,0,0,2650000.0,8603.896103896104
فيلا,الرياض, حي المونسية ,شمالية,0,0,0,0.0,310.0,0,0,0,0,0,0,0,0,0,0,2350000.0,7580.645161290323
فيلا,الرياض, ,جنوبية,5,2,5,0.0,250.0,0,1,1,0,1,1,0,0,1,0,1470000.0,5880.0
فيلا,الرياض, حي النسيم الشرقي ,جنوبية شرقية,5,3,5,5.0,992.0,1,1,1,1,1,1,0,0,1,0,4500000.0,4536.290322580645
فيلا,الرياض, حي النهضة ,شرقية,5,2,5,25.0,300.0,1,1,1,1,0,1,0,0,1,0,2150000.0,7166.666666666667
فيلا,الرياض, حي النهضة ,شمالية شرقية,5,2,2,25.0,300.0,1,1,1,1,1,0,0,0,1,1,2000000.0,6666.666666666667
فيلا,الرياض, حي السعادة ,شرقية,7,5,5,0.0,1320.0,0,1,1,0,1,1,0,0,1,0,3070000.0,2325.757575757576
فيلا,الرياض, حي النسيم الغربي ,شرقية,7,3,4,0.0,300.0,1,1,1,0,1,1,0,0,1,0,1400000.0,4666.666666666667
فيلا,الرياض, الرياض ,شرقية,4,1,3,0.0,180.0,0,1,0,0,0,0,0,0,1,0,1100000.0,6111.111111111111
فيلا,الرياض, حي الرمال ,شرقية,5,3,5,0.0,375.0,1,1,1,1,1,1,0,0,1,0,2100000.0,5600.0
فيلا,الرياض, حي القادسية ,جنوبية شرقية,1,1,5,0.0,337.0,1,1,1,0,0,0,0,0,1,1,1950000.0,5786.350148367953
فيلا,الرياض, حي المونسية ,غربية,0,0,0,0.0,270.0,0,0,0,0,0,0,0,0,0,0,2700000.0,10000.0
فيلا,الرياض, حي النظيم ,جنوبية,1,0,3,0.0,500.0,0,1,0,0,0,0,0,0,0,0,1550000.0,3100.0
فيلا,الرياض, حي القادسية ,غربية,5,2,5,0.0,265.0,0,1,1,0,1,1,0,0,1,0,1500000.0,5660.377358490566
فيلا,الرياض, حي البيان ,غربية,5,2,5,0.0,420.0,0,1,1,1,1,1,0,0,1,0,2200000.0,5238.0952380952385
فيلا,الرياض, حي السعادة ,شمالية,7,1,5,0.0,375.0,0,1,1,0,1,0,0,0,1,0,1750000.0,4666.666666666667
فيلا,الرياض, حي المونسية ,شمالية,6,1,5,0.0,875.0,0,1,1,0,1,1,0,0,1,0,4800000.0,5485.714285714285
فيلا,الرياض, حي السعادة ,شمالية,7,1,5,0.0,375.0,0,1,1,0,1,0,0,0,1,0,1750000.0,4666.666666666667
فيلا,الرياض, حي المونسية ,غربية,0,0,0,0.0,270.0,0,0,0,0,0,0,0,0,0,0,2700000.0,10000.0
فيلا,الرياض, حي اليرموك ,جنوبية,4,1,4,0.0,250.0,1,1,1,0,1,1,0,0,1,0,1750000.0,7000.0
فيلا,الرياض, حي الرمال ,شمالية,0,0,0,0.0,300.0,0,0,0,0,0,0,0,0,0,0,1850000.0,6166.666666666667
فيلا,الرياض, حي الملك فيصل ,جنوبية شرقية,5,3,5,20.0,729.0,0,1,1,0,1,1,0,0,1,0,4450000.0,6104.252400548697
فيلا,الرياض, حي النهضة ,شرقية,5,2,5,0.0,510.0,0,1,1,1,1,1,0,0,1,0,3000000.0,5882.35294117647
فيلا,الرياض, حي قرطبة ,شمالية,5,2,5,0.0,665.0,0,0,1,1,1,1,0,0,1,0,5400000.0,8120.300751879699
فيلا,الرياض, حي الجنادرية ,غربية,6,3,5,5.0,312.0,1,1,0,0,0,1,0,0,0,0,1450000.0,4647.4358974358975
فيلا,الرياض, حي الجنادرية ,شمالية,0,0,0,0.0,400.0,0,0,0,0,0,0,0,0,0,0,922500.0,2306.25
فيلا,الرياض, حي الجنادرية ,شمالية,4,2,4,0.0,250.0,1,1,1,0,1,1,0,0,1,1,1900000.0,7600.0
فيلا,الرياض, حي الشرق ,شمالية,0,0,0,0.0,363.0,0,0,0,0,0,0,0,0,0,0,1600000.0,4407.713498622589
فيلا,الرياض, حي المونسية ,شرقية,4,1,4,0.0,250.0,1,1,1,1,1,1,0,0,1,1,1800000.0,7200.0
فيلا,الرياض, حي القدس ,شرقية,4,4,5,0.0,450.0,1,1,1,1,1,1,1,0,1,1,4200000.0,9333.333333333334
فيلا,الرياض, الرياض ,غربية,0,0,0,0.0,200.0,0,0,0,0,0,0,0,0,0,0,1250000.0,6250.0
فيلا,الرياض, حي الرمال ,جنوبية,7,3,5,0.0,300.0,1,1,1,0,1,1,0,0,1,0,2000000.0,6666.666666666667
فيلا,الرياض, حي النظيم ,شرقية,4,3,3,25.0,600.0,0,1,1,0,1,1,0,0,1,0,1800000.0,3000.0
فيلا,الرياض, حي المونسية ,غربية,4,2,5,0.0,250.0,1,1,1,0,0,1,1,0,1,1,2380000.0,9520.0
فيلا,الرياض, حي النسيم الغربي ,شرقية,5,2,3,0.0,312.0,0,1,0,0,0,1,0,0,1,0,1070000.0,3429.4871794871797
فيلا,الرياض, الرياض ,شمالية غربية,5,2,4,18.0,354.0,0,1,1,1,1,1,0,0,1,0,1800000.0,5084.745762711865
فيلا,الرياض, الرياض ,غربية,0,0,0,0.0,600.0,0,0,0,0,0,0,0,0,0,0,3000000.0,5000.0
فيلا,الرياض, حي النهضة ,غربية,7,4,5,20.0,375.0,1,1,1,1,1,1,0,0,1,1,2200000.0,5866.666666666667
فيلا,الرياض, حي الحمراء ,غربية,0,0,0,0.0,375.0,0,0,0,0,0,0,0,0,0,0,3500000.0,9333.333333333334
فيلا,الرياض, حي النظيم ,شرقية,4,3,3,25.0,600.0,0,1,1,0,1,1,0,0,1,0,1800000.0,3000.0
فيلا,الرياض, حي اشبيلية ,شمالية,0,0,0,0.0,500.0,0,0,0,0,0,0,0,0,0,0,3000000.0,6000.0
فيلا,الرياض, حي الاندلس ,جنوبية,7,3,5,0.0,375.0,1,0,0,0,0,0,0,0,1,1,3300000.0,8800.0
فيلا,الرياض, حي النسيم الغربي ,غربية,5,2,5,0.0,625.0,0,1,1,1,1,1,0,0,1,0,1200000.0,1920.0
فيلا,الرياض, الرياض ,جنوبية,6,3,5,0.0,250.0,1,1,0,0,1,1,0,0,1,0,1470000.0,5880.0
فيلا,الرياض, الرياض ,شرقية,4,2,4,0.0,390.0,1,1,1,0,1,1,0,0,1,0,1900000.0,4871.794871794872
فيلا,الرياض, حي الروضة ,غربية,7,2,5,0.0,355.0,1,1,1,0,0,1,0,0,1,1,2600000.0,7323.943661971831
فيلا,الرياض, حي الخليج ,شرقية,5,2,5,20.0,325.0,1,1,0,0,1,0,0,0,1,0,2000000.0,6153.846153846154
فيلا,الرياض, حي الملز ,شرقية,7,1,5,0.0,431.0,0,0,0,0,0,0,0,0,0,0,1250000.0,2900.232018561485
فيلا,الرياض, حي القدس ,جنوبية,5,2,5,0.0,500.0,1,0,1,1,0,0,0,0,0,0,2500000.0,5000.0
فيلا,الرياض, حي الرمال ,جنوبية,6,2,5,0.0,250.0,1,1,0,0,1,1,0,0,1,0,1500000.0,6000.0
فيلا,الرياض, حي المونسية ,شرقية,4,3,5,0.0,250.0,1,0,1,0,0,0,0,0,1,0,1850000.0,7400.0
فيلا,الرياض, حي النهضة ,غربية,2,2,3,0.0,375.0,1,1,0,0,0,0,0,0,0,1,2250000.0,6000.0
فيلا,الرياض, حي الملك فيصل ,جنوبية,4,1,4,0.0,250.0,1,1,1,1,1,1,0,0,1,1,1900000.0,7600.0
فيلا,الرياض, حي الشرق ,جنوبية,5,4,5,0.0,32020.0,1,0,1,1,0,1,0,0,1,0,1530000.0,47.78263585259213
فيلا,الرياض, حي النسيم الشرقي ,جنوبية شرقية,5,3,5,0.0,992.0,1,1,1,1,1,1,0,0,1,0,4500000.0,4536.290322580645
فيلا,الرياض, حي المونسية ,جنوبية غربية,5,2,5,0.0,480.0,0,1,0,0,0,0,0,0,0,0,5000000.0,10416.666666666666
فيلا,الرياض, حي المونسية ,شمالية,4,2,5,0.0,312.0,1,1,1,0,1,1,0,0,1,1,2350000.0,7532.051282051282
فيلا,الرياض, شارع ابراهيم القيسي ,جنوبية,5,1,4,0.0,300.0,0,1,1,1,1,0,1,0,1,0,2900000.0,9666.666666666666
فيلا,الرياض, حي المونسية ,غربية,0,0,0,0.0,300.0,0,0,0,0,0,0,0,0,0,0,3000000.0,10000.0
فيلا,الرياض, حي النهضة ,شرقية,5,4,5,0.0,360.0,1,1,1,0,0,1,0,0,1,0,2000000.0,5555.555555555556
فيلا,الرياض, حي النهضة ,شرقية,5,2,5,0.0,510.0,0,1,1,1,1,0,0,0,1,0,3000000.0,5882.35294117647
فيلا,الرياض, حي المونسية ,غربية,4,2,4,0.0,300.0,1,1,1,0,1,1,0,0,1,1,2300000.0,7666.666666666667
فيلا,الرياض, الرياض ,شرقية,4,4,5,0.0,360.0,1,1,1,1,1,0,0,0,0,0,2000000.0,5555.555555555556
فيلا,الرياض, حي المونسية ,شرقية,7,3,5,20.0,308.0,1,1,1,0,1,1,0,0,1,1,2600000.0,8441.558441558442
فيلا,الرياض, حي النهضة ,جنوبية,4,3,4,20.0,375.0,1,1,1,0,0,0,0,0,1,1,2150000.0,5733.333333333333
فيلا,الرياض, حي القادسية ,شمالية شرقية,5,2,5,20.0,750.0,1,1,1,1,1,1,0,0,1,0,6500000.0,8666.666666666666
فيلا,الرياض, حي القادسية ,غربية,5,2,5,0.0,275.0,1,1,1,0,0,1,0,0,1,0,1580000.0,5745.454545454545
فيلا,الرياض, حي القادسية ,شمالية شرقية,5,2,5,15.0,750.0,1,1,1,1,1,1,0,0,1,0,6500000.0,8666.666666666666
فيلا,الرياض, حي المونسية ,شمالية,0,0,0,0.0,310.0,0,0,0,0,0,0,0,0,0,0,2350000.0,7580.645161290323
فيلا,الرياض, حي الملك فيصل ,شمالية,0,0,0,0.0,300.0,0,0,0,0,0,0,0,0,0,0,1950000.0,6500.0
فيلا,الرياض, حي اشبيلية ,جنوبية,5,3,5,0.0,345.0,1,1,1,0,0,0,0,0,1,0,2500000.0,7246.376811594203
فيلا,الرياض, الرياض ,شمالية غربية,6,1,4,0.0,276.0,1,1,1,0,1,1,0,0,1,0,1160000.0,4202.898550724638
فيلا,الرياض, حي السعادة ,شرقية,7,5,5,0.0,1320.0,0,1,1,0,1,1,0,0,1,0,3070000.0,2325.757575757576
فيلا,الرياض, حي الحمراء ,جنوبية,7,4,5,0.0,580.0,1,1,1,1,1,1,1,0,1,1,5400000.0,9310.344827586207
فيلا,الرياض, حي المونسية ,شرقية,0,0,0,0.0,312.0,0,0,0,0,0,0,0,0,0,0,2800000.0,8974.358974358975
فيلا,الرياض, حي المونسية ,جنوبية,5,3,5,0.0,342.0,0,1,0,0,0,0,0,0,0,0,2100000.0,6140.350877192983
فيلا,الرياض, حي اليرموك ,جنوبية,4,2,4,0.0,250.0,1,0,0,0,1,1,0,0,1,0,2000000.0,8000.0
فيلا,الرياض, حي النهضة ,شرقية,5,3,5,5.0,360.0,1,1,1,1,1,1,0,0,1,0,1900000.0,5277.777777777777
فيلا,الرياض, حي المعيزيلة ,شمالية,5,2,5,0.0,270.0,1,1,1,0,1,1,0,0,1,0,1550000.0,5740.740740740741
فيلا,الرياض, حي النسيم الشرقي ,جنوبية شرقية,5,3,5,0.0,992.0,1,1,1,1,1,1,0,0,1,0,4500000.0,4536.290322580645
فيلا,الرياض, حي المونسية ,جنوبية غربية,5,2,5,0.0,480.0,0,1,0,0,0,0,0,0,0,0,5000000.0,10416.666666666666
فيلا,الرياض, حي المونسية ,شمالية,4,2,5,0.0,312.0,1,1,1,0,1,1,0,0,1,1,2350000.0,7532.051282051282
فيلا,الرياض, شارع ابراهيم القيسي ,جنوبية,5,1,4,0.0,300.0,0,1,1,1,1,0,1,0,1,0,2900000.0,9666.666666666666
فيلا,الرياض, حي المونسية ,غربية,0,0,0,0.0,300.0,0,0,0,0,0,0,0,0,0,0,3000000.0,10000.0
فيلا,الرياض, حي المونسية ,غربية,4,2,4,0.0,300.0,1,1,1,0,1,1,0,0,1,1,2300000.0,7666.666666666667
فيلا,الرياض, الرياض ,شمالية غربية,6,1,4,0.0,276.0,1,1,1,0,1,1,0,0,1,0,1160000.0,4202.898550724638
فيلا,الرياض, حي المونسية ,شرقية,7,3,5,20.0,308.0,1,1,1,0,1,1,0,0,1,1,2600000.0,8441.558441558442
فيلا,الرياض, حي الحمراء ,غربية,5,3,5,0.0,300.0,1,1,1,1,0,1,0,0,1,1,2700000.0,9000.0
فيلا,الرياض, حي الحمراء ,جنوبية,7,4,5,0.0,580.0,1,1,1,1,1,1,1,0,1,1,5400000.0,9310.344827586207
فيلا,الرياض, حي القدس ,شمالية,4,2,5,0.0,450.0,1,1,1,1,0,1,0,1,1,0,3000000.0,6666.666666666667
فيلا,الرياض, حي الرمال ,غربية,6,0,5,0.0,280.0,1,0,1,0,0,0,0,0,0,0,1550000.0,5535.714285714285
فيلا,الرياض, حي الرمال ,شمالية,4,5,4,0.0,281.0,1,1,1,1,0,1,0,0,1,0,1500000.0,5338.078291814946
فيلا,الرياض, حي الازدهار ,جنوبية,5,3,5,0.0,350.0,1,1,1,1,0,1,1,1,0,0,3000000.0,8571.42857142857
فيلا,الرياض, حي البيان ,شمالية غربية,0,0,0,0.0,602.0,0,0,0,0,0,0,0,0,0,0,1637000.0,2719.2691029900334
فيلا,الرياض, الرياض ,غربية,5,2,5,0.0,224.0,0,1,1,0,1,1,0,0,1,0,1050000.0,4687.5
فيلا,الرياض, حي قرطبة ,شمالية,0,0,0,0.0,225.0,0,0,0,0,0,0,0,0,0,0,2350000.0,10444.444444444445
فيلا,الرياض, حي المعيزلة ,غربية,5,2,5,0.0,600.0,1,1,0,0,0,0,0,0,1,0,3000000.0,5000.0
فيلا,الرياض, الرياض ,غربية,5,3,5,0.0,300.0,1,1,1,0,1,1,0,0,1,1,2300000.0,7666.666666666667
فيلا,الرياض, حي الجزيرة ,شمالية,5,1,5,20.0,484.0,0,1,1,1,1,1,0,0,0,0,2250000.0,4648.760330578512
فيلا,الرياض, حي القادسية ,شمالية,7,1,5,15.0,420.0,0,1,1,0,0,1,0,0,1,1,2350000.0,5595.238095238095
فيلا,الرياض, حي الرمال ,جنوبية,5,3,5,0.0,387.0,1,1,1,1,1,1,0,0,1,0,1900000.0,4909.5607235142115
فيلا,الرياض, حي الرمال ,شمالية شرقية,6,2,5,0.0,404.0,1,0,0,1,1,1,0,1,1,1,2100000.0,5198.019801980198
فيلا,الرياض, حي الاندلس ,شمالية,6,4,5,12.0,750.0,1,1,1,1,1,1,0,0,1,0,3300000.0,4400.0
فيلا,الرياض, الرياض ,شرقية,3,0,5,10.0,484.0,0,1,0,0,0,0,0,0,0,0,1670000.0,3450.413223140496
فيلا,الرياض, حي المعيزلة ,شمالية,0,0,0,0.0,270.0,0,0,0,0,0,0,0,0,0,0,1550000.0,5740.740740740741
فيلا,الرياض, حي المونسية ,جنوبية,5,2,5,15.0,250.0,1,1,1,0,1,1,0,0,1,0,1750000.0,7000.0
فيلا,الرياض, حي الرمال ,جنوبية شرقية,0,0,0,0.0,297.0,0,0,0,0,0,0,0,0,0,0,1950000.0,6565.656565656565
فيلا,الرياض, حي المونسية ,جنوبية,7,3,5,0.0,250.0,1,1,1,1,1,1,0,0,1,0,1400000.0,5600.0
فيلا,الرياض, الرياض ,شمالية,4,1,4,40.0,236.0,1,1,0,0,1,1,0,0,0,0,1070000.0,4533.8983050847455
فيلا,الرياض, حي النهضة ,غربية,5,1,4,0.0,417.0,0,1,0,1,1,1,0,0,1,0,2500000.0,5995.2038369304555
فيلا,الرياض, حي الرمال ,شمالية,7,1,5,15.0,250.0,1,1,0,0,1,1,0,0,1,0,1280000.0,5120.0
فيلا,الرياض, حي النسيم الغربي ,جنوبية,5,2,5,12.0,250.0,1,1,0,0,1,1,0,0,1,0,1250000.0,5000.0
فيلا,الرياض, الرياض ,غربية,0,0,0,0.0,600.0,0,0,0,0,0,0,0,0,0,0,3000000.0,5000.0
فيلا,الرياض, حي الرمال ,شمالية,4,1,4,0.0,230.0,1,0,1,0,0,1,0,0,1,0,1300000.0,5652.173913043478
فيلا,الرياض, الرياض ,شمالية,5,3,5,5.0,312.0,1,1,1,0,0,1,0,0,1,1,2300000.0,7371.794871794872
فيلا,الرياض, الرياض ,شمالية غربية,5,2,4,18.0,354.0,0,1,1,1,1,1,0,0,1,0,1800000.0,5084.745762711865
فيلا,الرياض, حي الاندلس ,جنوبية غربية,5,2,5,15.0,570.0,1,1,1,1,1,1,0,0,1,0,2200000.0,3859.6491228070176
فيلا,الرياض, حي البيان ,شرقية,0,0,0,0.0,276.0,0,0,0,0,0,0,0,0,0,0,1500000.0,5434.782608695652
فيلا,الرياض, حي الرمال ,شرقية,5,4,5,0.0,430.0,0,1,0,0,1,1,0,0,1,0,2870000.0,6674.418604651163
فيلا,الرياض, حي النهضة ,غربية,7,4,5,20.0,375.0,1,1,1,1,1,1,0,0,1,1,2200000.0,5866.666666666667
فيلا,الرياض, حي المنار ,شمالية,7,2,5,20.0,250.0,1,1,1,1,0,1,0,0,1,0,1500000.0,6000.0
فيلا,الرياض, حي المنار ,شمالية,3,0,3,0.0,600.0,1,0,0,0,0,0,0,0,0,0,2750000.0,4583.333333333333
فيلا,الرياض, حي الجنادرية ,جنوبية,7,0,5,0.0,200.0,0,1,0,0,0,0,0,0,1,1,1100000.0,5500.0
فيلا,الرياض, حي الرمال ,جنوبية,5,2,5,0.0,250.0,1,1,1,0,1,1,0,0,1,0,1300000.0,5200.0
فيلا,الرياض, الرياض ,شرقية,4,2,4,0.0,390.0,1,1,1,0,1,1,0,0,1,0,1900000.0,4871.794871794872
فيلا,الرياض, حي الريان ,جنوبية,5,2,5,15.0,390.0,1,0,1,0,1,1,0,0,1,0,3000000.0,7692.307692307692
فيلا,الرياض, حي الجنادرية ,شمالية,5,2,5,15.0,270.0,1,1,1,0,0,1,0,0,1,0,1000000.0,3703.703703703704
فيلا,الرياض, الرياض ,جنوبية غربية,5,1,4,0.0,264.0,1,0,1,0,1,1,0,0,1,1,2150000.0,8143.939393939394
فيلا,الرياض, حي الحمراء ,غربية,0,0,0,0.0,375.0,0,0,0,0,0,0,0,0,0,0,3500000.0,9333.333333333334
فيلا,الرياض, حي الصفا ,غربية,7,4,5,0.0,750.0,0,1,0,0,0,1,0,0,0,0,2700000.0,3600.0
فيلا,الرياض, حي الاندلس ,جنوبية,7,3,5,0.0,375.0,1,0,0,0,0,0,0,0,1,1,3300000.0,8800.0
فيلا,الرياض, حي الريان ,جنوبية,5,2,5,15.0,390.0,1,0,1,0,1,1,0,0,1,0,3000000.0,7692.307692307692
فيلا,الرياض, حي اليرموك ,شمالية,6,2,5,15.0,312.0,1,1,1,0,1,1,0,0,1,0,2500000.0,8012.820512820513
فيلا,الرياض, الرياض ,جنوبية,5,3,5,0.0,630.0,1,1,1,1,1,1,1,0,1,0,4300000.0,6825.396825396825
فيلا,الرياض, حي الصفا ,غربية,7,4,5,0.0,750.0,0,1,0,0,0,1,0,0,0,0,2700000.0,3600.0
فيلا,الرياض, حي الجنادرية ,غربية,7,4,5,20.0,360.0,1,1,0,0,1,1,0,0,1,1,1600000.0,4444.444444444444
فيلا,الرياض, حي الخليج ,شرقية,5,2,5,20.0,325.0,1,1,0,0,1,0,0,0,1,0,2000000.0,6153.846153846154
فيلا,الرياض, حي الريان ,شرقية,7,4,5,15.0,625.0,1,1,1,1,1,1,0,0,1,0,3200000.0,5120.0
فيلا,الرياض, حي القدس ,جنوبية,5,2,5,0.0,500.0,1,0,1,1,0,0,0,0,0,0,2500000.0,5000.0
فيلا,الرياض, حي السلام ,شرقية,5,1,5,0.0,250.0,1,0,1,0,0,1,0,0,0,0,2200000.0,8800.0
فيلا,الرياض, الرياض ,شمالية,4,1,4,0.0,600.0,1,0,0,0,0,0,0,0,0,0,2750000.0,4583.333333333333
فيلا,الرياض, حي الملك فيصل ,جنوبية,4,1,4,0.0,250.0,1,1,1,1,1,1,0,0,1,1,1900000.0,7600.0
فيلا,الرياض, حي الرمال ,شمالية,4,2,4,25.0,205.0,0,1,0,0,0,1,0,0,1,0,1250000.0,6097.5609756097565
فيلا,الرياض, حي الرمال ,جنوبية,7,2,5,0.0,662.0,1,1,1,0,1,0,0,0,1,0,3000000.0,4531.722054380664
فيلا,الرياض, حي النهضة ,غربية,2,2,3,0.0,375.0,1,1,0,0,0,0,0,0,0,1,2250000.0,6000.0
فيلا,الرياض, حي الروضة ,غربية,7,2,5,0.0,355.0,1,1,1,0,0,1,0,0,1,1,2600000.0,7323.943661971831
فيلا,الرياض, حي الرمال ,شمالية,0,0,0,0.0,651.0,0,0,0,0,0,0,0,0,0,0,5000000.0,7680.491551459293
فيلا,الرياض, حي الرمال ,شمالية,7,3,5,20.0,950.0,1,1,1,0,1,1,0,0,1,1,4400000.0,4631.578947368421
فيلا,الرياض, حي المونسية ,شمالية,7,3,5,20.0,362.0,0,1,0,1,1,1,0,0,1,0,2350000.0,6491.712707182321
فيلا,الرياض, حي النهضة ,غربية,5,3,5,15.0,275.0,1,1,1,0,0,1,0,0,1,0,1800000.0,6545.454545454545
فيلا,الرياض, حي النظيم ,جنوبية,3,1,4,15.0,375.0,0,1,0,0,1,0,0,0,1,0,1050000.0,2800.0
فيلا,الرياض, حي الرمال ,جنوبية,7,3,5,0.0,319.0,1,1,1,0,1,1,0,0,1,0,2100000.0,6583.0721003134795
فيلا,الرياض, حي الرمال ,جنوبية,0,0,0,0.0,651.0,0,0,0,0,0,0,0,0,0,0,5000000.0,7680.491551459293
فيلا,الرياض, الرياض ,غربية,0,0,0,0.0,371.0,0,0,0,0,0,0,0,0,0,0,1800000.0,4851.752021563342
فيلا,الرياض, حي البيان ,جنوبية,7,2,5,0.0,329.0,1,1,1,0,1,1,0,0,1,0,1650000.0,5015.197568389058
فيلا,الرياض, حي القادسية ,جنوبية,6,2,5,0.0,365.0,1,0,0,0,0,0,0,0,1,0,2300000.0,6301.369863013699
فيلا,الرياض, حي الرمال ,جنوبية,4,2,4,0.0,338.0,1,1,1,1,1,1,0,0,1,0,1270000.0,3757.396449704142
فيلا,الرياض, حي الحمراء ,جنوبية,5,2,1,0.0,750.0,1,1,1,1,1,1,0,0,1,0,4000000.0,5333.333333333333
فيلا,الرياض, حي الشرق ,جنوبية,0,0,0,0.0,259.0,0,0,0,0,0,0,0,0,0,0,1450000.0,5598.455598455598
فيلا,الرياض, حي المونسية ,شمالية,7,3,5,20.0,362.0,0,1,0,1,1,1,0,0,1,0,2350000.0,6491.712707182321
فيلا,الرياض, حي المونسية ,جنوبية,7,4,5,0.0,580.0,1,1,1,1,1,1,1,0,1,1,5500000.0,9482.758620689656
فيلا,الرياض, حي البيان ,شرقية,4,2,5,15.0,435.0,1,1,1,1,0,1,1,0,1,0,1600000.0,3678.1609195402298
فيلا,الرياض, حي الرمال ,جنوبية,5,2,5,0.0,259.0,1,1,1,0,1,1,0,0,1,0,1470000.0,5675.675675675676
فيلا,الرياض, حي السعادة ,غربية,5,2,5,15.0,312.0,1,1,0,0,1,1,0,0,1,1,1550000.0,4967.948717948718
فيلا,الرياض, الرياض ,شرقية,5,2,3,20.0,376.0,1,1,0,1,0,1,0,0,1,1,2760000.0,7340.425531914893
فيلا,الرياض, حي النهضة ,شمالية,7,2,4,0.0,300.0,1,1,1,0,0,1,0,0,1,0,1900000.0,6333.333333333333
فيلا,الرياض, الرياض ,شمالية,5,2,3,0.0,275.0,1,0,1,0,0,0,0,0,1,1,1825000.0,6636.363636363636
فيلا,الرياض, حي المونسية ,غربية,4,0,3,20.0,252.0,0,1,0,0,0,1,0,0,0,0,1580000.0,6269.841269841269
فيلا,الرياض, حي الخليج ,غربية,5,2,4,0.0,324.0,1,1,1,1,1,1,0,0,1,0,2200000.0,6790.123456790124
فيلا,الرياض, حي المونسية ,غربية,5,3,5,0.0,300.0,1,1,1,0,1,1,0,0,1,0,2300000.0,7666.666666666667
فيلا,الرياض, الرياض ,جنوبية,0,0,0,0.0,359.0,0,0,0,0,0,0,0,0,0,0,1650000.0,4596.100278551532
فيلا,الرياض, حي المعيزلة ,شمالية,5,2,5,17.0,595.0,1,1,1,1,1,1,0,0,1,0,2500000.0,4201.680672268908
فيلا,الرياض, حي الملك فيصل ,شمالية,0,0,0,0.0,300.0,0,0,0,0,0,0,0,0,0,0,1950000.0,6500.0
فيلا,الرياض, الرياض ,غربية,7,2,5,18.0,325.0,1,1,1,0,1,1,0,0,1,0,1650000.0,5076.923076923077
فيلا,الرياض, حي الحمراء ,غربية,7,3,5,25.0,618.0,1,1,1,1,1,1,1,0,1,1,5500000.0,8899.676375404531
فيلا,الرياض, الرياض ,جنوبية غربية,5,1,4,0.0,264.0,1,0,1,0,1,1,0,0,1,1,2150000.0,8143.939393939394
فيلا,الرياض, الرياض ,شمالية,5,3,5,5.0,312.0,1,1,1,0,0,1,0,0,1,1,2300000.0,7371.794871794872
فيلا,الرياض, حي الرمال ,شرقية,5,4,5,0.0,430.0,0,1,0,0,1,1,0,0,1,0,2870000.0,6674.418604651163
فيلا,الرياض, الرياض ,جنوبية,6,0,4,0.0,375.0,1,1,0,0,1,1,0,0,1,1,2000000.0,5333.333333333333
فيلا,الرياض, حي البيان ,شرقية,0,0,0,0.0,276.0,0,0,0,0,0,0,0,0,0,0,1500000.0,5434.782608695652
فيلا,الرياض, حي الاندلس ,جنوبية غربية,5,2,5,15.0,570.0,1,1,1,1,1,1,0,0,1,0,2200000.0,3859.6491228070176
فيلا,الرياض, حي الرمال ,جنوبية,5,2,5,0.0,250.0,1,1,1,0,1,1,0,0,1,0,1300000.0,5200.0
فيلا,الرياض, حي الجنادرية ,شمالية,5,2,5,15.0,270.0,1,1,1,0,0,1,0,0,1,0,1000000.0,3703.703703703704
فيلا,الرياض, حي المنار ,شمالية,7,2,5,20.0,250.0,1,1,1,1,0,1,0,0,1,0,1500000.0,6000.0
فيلا,الرياض, حي الرمال ,شمالية,4,1,4,0.0,230.0,1,0,1,0,0,1,0,0,1,0,1300000.0,5652.173913043478
فيلا,الرياض, حي الرمال ,شمالية,6,1,3,15.0,400.0,0,1,0,1,1,1,0,0,1,0,2650000.0,6625.0
فيلا,الرياض, حي الريان ,جنوبية,5,2,5,15.0,390.0,1,0,1,0,1,1,0,0,1,0,3000000.0,7692.307692307692
فيلا,الرياض, حي الجنادرية ,غربية,7,4,5,20.0,360.0,1,1,0,0,1,1,0,0,1,1,1600000.0,4444.444444444444
فيلا,الرياض, الرياض ,جنوبية,5,3,5,0.0,630.0,1,1,1,1,1,1,1,0,1,0,4300000.0,6825.396825396825
فيلا,الرياض, حي اليرموك ,شمالية,6,2,5,15.0,312.0,1,1,1,0,1,1,0,0,1,0,2500000.0,8012.820512820513
فيلا,الرياض, حي الريان ,شرقية,7,4,5,15.0,625.0,1,1,1,1,1,1,0,0,1,0,3200000.0,5120.0
فيلا,الرياض, حي الشرق ,جنوبية,7,3,5,0.0,360.0,1,1,1,0,1,1,0,0,1,0,1900000.0,5277.777777777777
فيلا,الرياض, حي اشبيلية ,شمالية,6,2,4,0.0,500.0,0,1,0,0,1,1,0,0,0,0,2850000.0,5700.0
فيلا,الرياض, حي الرمال ,جنوبية,5,2,5,0.0,312.0,1,1,1,0,0,0,0,0,1,0,1800000.0,5769.2307692307695
فيلا,الرياض, الرياض ,شمالية غربية,0,0,0,0.0,302.0,0,0,0,0,0,0,0,0,0,0,1650000.0,5463.576158940397
فيلا,الرياض, حي المعيزلة ,شرقية,6,4,5,0.0,600.0,1,1,1,1,0,1,0,0,1,0,3200000.0,5333.333333333333
فيلا,الرياض, حي المعيزلة ,غربية,7,3,4,0.0,480.0,0,0,0,1,0,1,1,0,1,0,2000000.0,4166.666666666667
فيلا,الرياض, حي الرمال ,شمالية غربية,1,0,5,0.0,30201.0,0,1,1,1,1,1,0,0,1,0,1650000.0,54.63395251812854
فيلا,الرياض, حي المونسية ,شرقية,7,2,4,0.0,250.0,1,0,1,0,1,1,0,0,1,1,1850000.0,7400.0
فيلا,الرياض, حي المونسية ,غربية,5,2,5,0.0,300.0,1,1,1,0,1,1,0,0,1,1,2300000.0,7666.666666666667
فيلا,الرياض, حي الخليج ,غربية,4,2,3,0.0,480.0,0,0,1,1,0,1,0,0,1,0,1400000.0,2916.6666666666665
فيلا,الرياض, حي الرمال ,جنوبية,5,2,5,0.0,312.0,1,1,1,0,1,1,0,0,1,0,1800000.0,5769.2307692307695
فيلا,الرياض, حي الرمال ,جنوبية,5,1,2,0.0,400.0,0,0,0,0,0,0,0,0,0,0,1200000.0,3000.0
فيلا,الرياض, حي القادسية ,شرقية,0,0,0,0.0,252.0,0,0,0,0,0,0,0,0,0,0,1590000.0,6309.523809523809
فيلا,الرياض, الرياض ,شرقية,5,3,5,0.0,375.0,1,1,1,0,1,1,0,0,1,1,3650000.0,9733.333333333334
فيلا,الرياض, حي المونسية ,شمالية غربية,5,2,5,15.0,440.0,1,1,1,0,0,0,0,0,0,0,3250000.0,7386.363636363636
فيلا,الرياض, حي اليرموك ,شمالية,7,2,5,0.0,321.0,1,1,1,0,1,1,0,0,1,1,2250000.0,7009.345794392523
فيلا,الرياض, حي الشرق ,غربية,7,2,5,0.0,420.0,1,1,1,1,1,1,0,0,1,0,2200000.0,5238.0952380952385
فيلا,الرياض, حي المونسية ,شمالية,4,2,4,0.0,213.0,0,1,1,0,1,1,0,0,1,0,1350000.0,6338.028169014085
فيلا,الرياض, الرياض ,غربية,0,0,0,0.0,600.0,0,0,0,0,0,0,0,0,0,0,3100000.0,5166.666666666667
فيلا,الرياض, حي اشبيلية ,جنوبية,1,3,5,0.0,312.0,0,0,0,0,0,0,0,0,0,0,2000000.0,6410.25641025641
فيلا,الرياض, حي البيان ,شرقية,4,3,5,0.0,405.0,1,1,1,0,1,1,0,0,1,0,1600000.0,3950.617283950617
فيلا,الرياض, حي الشرق ,غربية,0,0,0,0.0,420.0,0,0,0,0,0,0,0,0,0,0,2200000.0,5238.0952380952385
فيلا,الرياض, حي البيان ,غربية,7,3,5,0.0,420.0,0,1,0,0,0,0,0,0,0,0,2200000.0,5238.0952380952385
فيلا,الرياض, حي الجنادرية ,غربية,7,3,5,0.0,312.0,0,0,1,0,0,0,0,0,1,0,1450000.0,4647.4358974358975
فيلا,الرياض, حي الحمراء ,شرقية,7,3,5,0.0,1237.0,1,1,1,1,1,1,0,0,1,0,6686880.0,5405.723524656427
فيلا,الرياض, الرياض ,شرقية,5,3,5,0.0,375.0,1,1,1,0,1,1,0,0,1,1,3650000.0,9733.333333333334
فيلا,الرياض, حي الجنادرية ,غربية,7,3,5,0.0,312.0,0,0,0,0,0,0,0,0,1,0,1450000.0,4647.4358974358975
فيلا,الرياض, حي الجنادرية ,شمالية,4,5,5,0.0,300.0,1,1,1,0,1,1,0,0,1,1,2350000.0,7833.333333333333
فيلا,الرياض, حي الاندلس ,شمالية,5,4,4,0.0,375.0,0,1,1,1,1,1,0,0,1,0,1900000.0,5066.666666666667
فيلا,الرياض, الرياض ,شمالية,4,2,3,0.0,268.0,1,0,0,0,0,0,0,0,0,0,1250000.0,4664.179104477612
فيلا,الرياض, حي الروابي ,جنوبية,7,3,5,0.0,780.0,1,1,1,1,1,1,0,0,1,0,4000000.0,5128.205128205128
فيلا,الرياض, حي اليرموك ,غربية,4,1,3,0.0,312.0,0,0,0,0,0,0,0,0,1,0,1100000.0,3525.641025641026
فيلا,الرياض, حي اليرموك ,جنوبية,4,2,4,0.0,200.0,1,1,1,0,1,1,0,0,1,0,1800000.0,9000.0
فيلا,الرياض, حي الرمال ,شمالية,4,2,5,0.0,320.0,1,0,1,1,0,1,0,0,1,0,1700000.0,5312.5
فيلا,الرياض, حي الرمال ,جنوبية,3,2,5,0.0,292.0,1,1,1,1,1,1,0,0,1,0,1175000.0,4023.972602739726
فيلا,الرياض, حي الصفا ,جنوبية غربية,5,2,4,0.0,400.0,0,1,0,0,1,1,0,0,1,0,1100000.0,2750.0
فيلا,الرياض, حي الشرق ,شمالية,0,0,0,0.0,281.0,0,0,0,0,0,0,0,0,0,0,1400000.0,4982.20640569395
فيلا,الرياض, حي الملك عبد العزيز ,شرقية,0,0,0,0.0,350.0,0,0,0,0,0,0,0,0,0,0,3000000.0,8571.42857142857
فيلا,الرياض, حي المونسية ,شمالية غربية,4,1,5,0.0,312.0,1,0,0,0,0,0,0,0,0,0,2100000.0,6730.7692307692305
فيلا,الرياض, حي الفيحاء ,شرقية,4,3,5,0.0,390.0,0,1,0,0,1,1,0,0,1,0,2200000.0,5641.025641025641
فيلا,الرياض, الرياض ,غربية,5,1,5,18.0,250.0,1,1,1,0,0,0,0,0,0,0,1450000.0,5800.0
فيلا,الرياض, حي المونسية ,غربية,6,2,4,0.0,300.0,1,0,0,0,1,1,0,0,1,0,2000000.0,6666.666666666667
فيلا,الرياض, حي المونسية ,جنوبية,7,7,5,0.0,562.0,1,1,1,0,0,1,0,0,1,0,3075000.0,5471.53024911032
فيلا,الرياض, حي اليرموك ,شرقية,0,0,0,0.0,300.0,0,0,0,0,0,0,0,0,0,0,2250000.0,7500.0
فيلا,الرياض, حي المونسية ,غربية,5,2,4,0.0,250.0,1,1,1,0,1,1,0,0,1,1,1900000.0,7600.0
فيلا,الرياض, الرياض ,جنوبية,5,2,5,15.0,300.0,1,1,1,0,1,0,0,0,1,0,1400000.0,4666.666666666667
فيلا,الرياض, حي النهضة ,شرقية,5,3,4,0.0,360.0,0,1,1,1,1,1,0,0,1,0,2000000.0,5555.555555555556
فيلا,الرياض, حي الازدهار ,جنوبية شرقية,7,5,5,0.0,720.0,1,1,1,1,1,1,0,1,1,0,3900000.0,5416.666666666667
فيلا,الرياض, الرياض ,جنوبية,0,0,0,0.0,320.0,0,0,0,0,0,0,0,0,0,0,1550000.0,4843.75
فيلا,الرياض, حي النسيم الغربي ,شرقية,4,1,3,0.0,450.0,0,0,0,0,0,1,0,0,1,0,1500000.0,3333.3333333333335
فيلا,الرياض, حي الاندلس ,شرقية,5,1,5,0.0,632.0,0,1,1,0,1,1,0,0,1,0,2400000.0,3797.46835443038
فيلا,الرياض, حي القدس ,جنوبية,5,2,5,0.0,435.0,0,1,1,0,1,1,0,0,1,0,2500000.0,5747.126436781609
